Looking in indexes: http://mirrors.aliyun.com/pypi/simple
Obtaining file:///root/data-fs/GFocalV2/GFocalV2Pytorch
  Preparing metadata (setup.py): started
  Preparing metadata (setup.py): finished with status 'done'
Requirement already satisfied: matplotlib in /root/data-tmp/miniconda3/envs/jittordet/lib/python3.8/site-packages (from mmdet==3.2.0) (3.7.5)
Requirement already satisfied: numpy in /root/data-tmp/miniconda3/envs/jittordet/lib/python3.8/site-packages (from mmdet==3.2.0) (1.23.5)
Requirement already satisfied: pycocotools in /root/data-tmp/miniconda3/envs/jittordet/lib/python3.8/site-packages (from mmdet==3.2.0) (2.0.7)
Requirement already satisfied: scipy in /root/data-tmp/miniconda3/envs/jittordet/lib/python3.8/site-packages (from mmdet==3.2.0) (1.10.1)
Requirement already satisfied: shapely in /root/data-tmp/miniconda3/envs/jittordet/lib/python3.8/site-packages (from mmdet==3.2.0) (2.0.7)
Requirement already satisfied: six in /root/data-tmp/miniconda3/envs/jittordet/lib/python3.8/site-packages (from mmdet==3.2.0) (1.16.0)
Requirement already satisfied: terminaltables in /root/data-tmp/miniconda3/envs/jittordet/lib/python3.8/site-packages (from mmdet==3.2.0) (3.1.10)
Requirement already satisfied: tqdm in /root/data-tmp/miniconda3/envs/jittordet/lib/python3.8/site-packages (from mmdet==3.2.0) (4.65.2)
Requirement already satisfied: contourpy>=1.0.1 in /root/data-tmp/miniconda3/envs/jittordet/lib/python3.8/site-packages (from matplotlib->mmdet==3.2.0) (1.1.1)
Requirement already satisfied: cycler>=0.10 in /root/data-tmp/miniconda3/envs/jittordet/lib/python3.8/site-packages (from matplotlib->mmdet==3.2.0) (0.12.1)
Requirement already satisfied: fonttools>=4.22.0 in /root/data-tmp/miniconda3/envs/jittordet/lib/python3.8/site-packages (from matplotlib->mmdet==3.2.0) (4.57.0)
Requirement already satisfied: kiwisolver>=1.0.1 in /root/data-tmp/miniconda3/envs/jittordet/lib/python3.8/site-packages (from matplotlib->mmdet==3.2.0) (1.4.7)
Requirement already satisfied: packaging>=20.0 in /root/data-tmp/miniconda3/envs/jittordet/lib/python3.8/site-packages (from matplotlib->mmdet==3.2.0) (24.2)
Requirement already satisfied: pillow>=6.2.0 in /root/data-tmp/miniconda3/envs/jittordet/lib/python3.8/site-packages (from matplotlib->mmdet==3.2.0) (9.4.0)
Requirement already satisfied: pyparsing>=2.3.1 in /root/data-tmp/miniconda3/envs/jittordet/lib/python3.8/site-packages (from matplotlib->mmdet==3.2.0) (3.1.4)
Requirement already satisfied: python-dateutil>=2.7 in /root/data-tmp/miniconda3/envs/jittordet/lib/python3.8/site-packages (from matplotlib->mmdet==3.2.0) (2.9.0.post0)
Requirement already satisfied: importlib-resources>=3.2.0 in /root/data-tmp/miniconda3/envs/jittordet/lib/python3.8/site-packages (from matplotlib->mmdet==3.2.0) (6.4.5)
Requirement already satisfied: zipp>=3.1.0 in /root/data-tmp/miniconda3/envs/jittordet/lib/python3.8/site-packages (from importlib-resources>=3.2.0->matplotlib->mmdet==3.2.0) (3.20.2)
Installing collected packages: mmdet
  Attempting uninstall: mmdet
    Found existing installation: mmdet 3.2.0
    Uninstalling mmdet-3.2.0:
      Successfully uninstalled mmdet-3.2.0
  DEPRECATION: Legacy editable install of mmdet==3.2.0 from file:///root/data-fs/GFocalV2/GFocalV2Pytorch (setup.py develop) is deprecated. pip 25.0 will enforce this behaviour change. A possible replacement is to add a pyproject.toml or enable --use-pep517, and use setuptools >= 64. If the resulting installation is not behaving as expected, try using --config-settings editable_mode=compat. Please consult the setuptools documentation for more information. Discussion can be found at https://github.com/pypa/pip/issues/11457
  Running setup.py develop for mmdet
Successfully installed mmdet
WARNING: Running pip as the 'root' user can result in broken permissions and conflicting behaviour with the system package manager, possibly rendering your system unusable.It is recommended to use a virtual environment instead: https://pip.pypa.io/warnings/venv. Use the --root-user-action option if you know what you are doing and want to suppress this warning.
05/26 14:46:08 - mmengine - INFO - 
------------------------------------------------------------
System environment:
    sys.platform: linux
    Python: 3.8.2 (default, Mar 25 2020, 17:03:02) [GCC 7.3.0]
    CUDA available: True
    MUSA available: False
    numpy_random_seed: 1132153568
    GPU 0: Tesla V100-SXM2-16GB
    CUDA_HOME: /usr/local/cuda
    NVCC: Cuda compilation tools, release 11.3, V11.3.109
    GCC: gcc (Ubuntu 9.3.0-17ubuntu1~20.04) 9.3.0
    PyTorch: 1.10.1
    PyTorch compiling details: PyTorch built with:
  - GCC 7.3
  - C++ Version: 201402
  - Intel(R) oneAPI Math Kernel Library Version 2021.4-Product Build 20210904 for Intel(R) 64 architecture applications
  - Intel(R) MKL-DNN v2.2.3 (Git Hash 7336ca9f055cf1bfa13efb658fe15dc9b41f0740)
  - OpenMP 201511 (a.k.a. OpenMP 4.5)
  - LAPACK is enabled (usually provided by MKL)
  - NNPACK is enabled
  - CPU capability usage: AVX512
  - CUDA Runtime 11.3
  - NVCC architecture flags: -gencode;arch=compute_37,code=sm_37;-gencode;arch=compute_50,code=sm_50;-gencode;arch=compute_60,code=sm_60;-gencode;arch=compute_61,code=sm_61;-gencode;arch=compute_70,code=sm_70;-gencode;arch=compute_75,code=sm_75;-gencode;arch=compute_80,code=sm_80;-gencode;arch=compute_86,code=sm_86;-gencode;arch=compute_37,code=compute_37
  - CuDNN 8.2
  - Magma 2.5.2
  - Build settings: BLAS_INFO=mkl, BUILD_TYPE=Release, CUDA_VERSION=11.3, CUDNN_VERSION=8.2.0, CXX_COMPILER=/opt/rh/devtoolset-7/root/usr/bin/c++, CXX_FLAGS= -Wno-deprecated -fvisibility-inlines-hidden -DUSE_PTHREADPOOL -fopenmp -DNDEBUG -DUSE_KINETO -DUSE_FBGEMM -DUSE_QNNPACK -DUSE_PYTORCH_QNNPACK -DUSE_XNNPACK -DSYMBOLICATE_MOBILE_DEBUG_HANDLE -DEDGE_PROFILER_USE_KINETO -O2 -fPIC -Wno-narrowing -Wall -Wextra -Werror=return-type -Wno-missing-field-initializers -Wno-type-limits -Wno-array-bounds -Wno-unknown-pragmas -Wno-sign-compare -Wno-unused-parameter -Wno-unused-variable -Wno-unused-function -Wno-unused-result -Wno-unused-local-typedefs -Wno-strict-overflow -Wno-strict-aliasing -Wno-error=deprecated-declarations -Wno-stringop-overflow -Wno-psabi -Wno-error=pedantic -Wno-error=redundant-decls -Wno-error=old-style-cast -fdiagnostics-color=always -faligned-new -Wno-unused-but-set-variable -Wno-maybe-uninitialized -fno-math-errno -fno-trapping-math -Werror=format -Wno-stringop-overflow, LAPACK_INFO=mkl, PERF_WITH_AVX=1, PERF_WITH_AVX2=1, PERF_WITH_AVX512=1, TORCH_VERSION=1.10.1, USE_CUDA=ON, USE_CUDNN=ON, USE_EXCEPTION_PTR=1, USE_GFLAGS=OFF, USE_GLOG=OFF, USE_MKL=ON, USE_MKLDNN=ON, USE_MPI=OFF, USE_NCCL=ON, USE_NNPACK=ON, USE_OPENMP=ON, 

    TorchVision: 0.11.2
    OpenCV: 4.11.0
    MMEngine: 0.10.7

Runtime environment:
    cudnn_benchmark: False
    mp_cfg: {'mp_start_method': 'fork', 'opencv_num_threads': 0}
    dist_cfg: {'backend': 'nccl'}
    seed: 1132153568
    Distributed launcher: none
    Distributed training: False
    GPU number: 1
------------------------------------------------------------

05/26 14:46:08 - mmengine - INFO - Config:
auto_scale_lr = dict(base_batch_size=16, enable=False)
backend_args = None
data_root = 'data/coco/'
dataset_type = 'CocoDataset'
default_hooks = dict(
    checkpoint=dict(interval=1, type='CheckpointHook'),
    logger=dict(interval=10, type='LoggerHook'),
    param_scheduler=dict(type='ParamSchedulerHook'),
    sampler_seed=dict(type='DistSamplerSeedHook'),
    timer=dict(type='IterTimerHook'),
    visualization=dict(type='DetVisualizationHook'))
default_scope = 'mmdet'
env_cfg = dict(
    cudnn_benchmark=False,
    dist_cfg=dict(backend='nccl'),
    mp_cfg=dict(mp_start_method='fork', opencv_num_threads=0))
launcher = 'none'
load_from = None
log_level = 'INFO'
log_processor = dict(by_epoch=True, type='LogProcessor', window_size=50)
model = dict(
    backbone=dict(
        depth=50,
        frozen_stages=1,
        init_cfg=dict(checkpoint='torchvision://resnet50', type='Pretrained'),
        norm_cfg=dict(requires_grad=True, type='BN'),
        norm_eval=True,
        num_stages=4,
        out_indices=(
            0,
            1,
            2,
            3,
        ),
        style='pytorch',
        type='ResNet'),
    bbox_head=dict(
        anchor_generator=dict(
            octave_base_scale=8,
            ratios=[
                1.0,
            ],
            scales_per_octave=1,
            strides=[
                8,
                16,
                32,
                64,
                128,
            ],
            type='AnchorGenerator'),
        feat_channels=256,
        in_channels=256,
        loss_bbox=dict(loss_weight=2.0, type='GIoULoss'),
        loss_cls=dict(
            beta=2.0,
            loss_weight=1.0,
            type='QualityFocalLoss',
            use_sigmoid=True),
        loss_dfl=dict(loss_weight=0.25, type='DistributionFocalLoss'),
        num_classes=80,
        reg_max=16,
        stacked_convs=4,
        type='GFLHead'),
    data_preprocessor=dict(
        bgr_to_rgb=True,
        mean=[
            123.675,
            116.28,
            103.53,
        ],
        pad_size_divisor=32,
        std=[
            58.395,
            57.12,
            57.375,
        ],
        type='DetDataPreprocessor'),
    neck=dict(
        add_extra_convs='on_output',
        in_channels=[
            256,
            512,
            1024,
            2048,
        ],
        num_outs=5,
        out_channels=256,
        start_level=1,
        type='FPN'),
    test_cfg=dict(
        max_per_img=100,
        min_bbox_size=0,
        nms=dict(iou_threshold=0.6, type='nms'),
        nms_pre=1000,
        score_thr=0.05),
    train_cfg=dict(
        allowed_border=-1,
        assigner=dict(topk=9, type='ATSSAssigner'),
        debug=False,
        pos_weight=-1),
    type='GFL')
optim_wrapper = dict(
    optimizer=dict(lr=0.01, momentum=0.9, type='SGD', weight_decay=0.0001),
    type='OptimWrapper')
param_scheduler = [
    dict(
        begin=0, by_epoch=False, end=500, start_factor=0.001, type='LinearLR'),
    dict(
        begin=0,
        by_epoch=True,
        end=12,
        gamma=0.1,
        milestones=[
            8,
            11,
        ],
        type='MultiStepLR'),
]
resume = False
test_cfg = dict(type='TestLoop')
test_dataloader = dict(
    batch_size=2,
    dataset=dict(
        ann_file='annotations/instances_val2017.json',
        backend_args=None,
        data_prefix=dict(img='val2017/'),
        data_root='data/coco/',
        pipeline=[
            dict(backend_args=None, type='LoadImageFromFile'),
            dict(keep_ratio=True, scale=(
                1333,
                800,
            ), type='Resize'),
            dict(type='LoadAnnotations', with_bbox=True),
            dict(
                meta_keys=(
                    'img_id',
                    'img_path',
                    'ori_shape',
                    'img_shape',
                    'scale_factor',
                ),
                type='PackDetInputs'),
        ],
        test_mode=True,
        type='CocoDataset'),
    drop_last=False,
    num_workers=2,
    persistent_workers=True,
    sampler=dict(shuffle=False, type='DefaultSampler'))
test_evaluator = dict(
    ann_file='data/coco/annotations/instances_val2017.json',
    backend_args=None,
    format_only=False,
    metric='bbox',
    type='CocoMetric')
test_pipeline = [
    dict(backend_args=None, type='LoadImageFromFile'),
    dict(keep_ratio=True, scale=(
        1333,
        800,
    ), type='Resize'),
    dict(type='LoadAnnotations', with_bbox=True),
    dict(
        meta_keys=(
            'img_id',
            'img_path',
            'ori_shape',
            'img_shape',
            'scale_factor',
        ),
        type='PackDetInputs'),
]
train_cfg = dict(max_epochs=12, type='EpochBasedTrainLoop', val_interval=1)
train_dataloader = dict(
    batch_sampler=dict(type='AspectRatioBatchSampler'),
    batch_size=2,
    dataset=dict(
        ann_file='annotations/instances_train2017.json',
        backend_args=None,
        data_prefix=dict(img='train2017/'),
        data_root='data/coco/',
        filter_cfg=dict(filter_empty_gt=True, min_size=32),
        pipeline=[
            dict(backend_args=None, type='LoadImageFromFile'),
            dict(type='LoadAnnotations', with_bbox=True),
            dict(keep_ratio=True, scale=(
                1333,
                800,
            ), type='Resize'),
            dict(prob=0.5, type='RandomFlip'),
            dict(type='PackDetInputs'),
        ],
        type='CocoDataset'),
    num_workers=2,
    persistent_workers=True,
    sampler=dict(shuffle=True, type='DefaultSampler'))
train_pipeline = [
    dict(backend_args=None, type='LoadImageFromFile'),
    dict(type='LoadAnnotations', with_bbox=True),
    dict(keep_ratio=True, scale=(
        1333,
        800,
    ), type='Resize'),
    dict(prob=0.5, type='RandomFlip'),
    dict(type='PackDetInputs'),
]
val_cfg = dict(type='ValLoop')
val_dataloader = dict(
    batch_size=2,
    dataset=dict(
        ann_file='annotations/instances_val2017.json',
        backend_args=None,
        data_prefix=dict(img='val2017/'),
        data_root='data/coco/',
        pipeline=[
            dict(backend_args=None, type='LoadImageFromFile'),
            dict(keep_ratio=True, scale=(
                1333,
                800,
            ), type='Resize'),
            dict(type='LoadAnnotations', with_bbox=True),
            dict(
                meta_keys=(
                    'img_id',
                    'img_path',
                    'ori_shape',
                    'img_shape',
                    'scale_factor',
                ),
                type='PackDetInputs'),
        ],
        test_mode=True,
        type='CocoDataset'),
    drop_last=False,
    num_workers=2,
    persistent_workers=True,
    sampler=dict(shuffle=False, type='DefaultSampler'))
val_evaluator = dict(
    ann_file='data/coco/annotations/instances_val2017.json',
    backend_args=None,
    format_only=False,
    metric='bbox',
    type='CocoMetric')
vis_backends = [
    dict(type='LocalVisBackend'),
]
visualizer = dict(
    name='visualizer',
    type='DetLocalVisualizer',
    vis_backends=[
        dict(type='LocalVisBackend'),
    ])
work_dir = 'comparison_results/pytorch/work_dirs'

05/26 14:46:12 - mmengine - INFO - Distributed training is not used, all SyncBatchNorm (SyncBN) layers in the model will be automatically reverted to BatchNormXd layers if they are used.
05/26 14:46:12 - mmengine - INFO - Hooks will be executed in the following order:
before_run:
(VERY_HIGH   ) RuntimeInfoHook                    
(BELOW_NORMAL) LoggerHook                         
 -------------------- 
before_train:
(VERY_HIGH   ) RuntimeInfoHook                    
(NORMAL      ) IterTimerHook                      
(VERY_LOW    ) CheckpointHook                     
 -------------------- 
before_train_epoch:
(VERY_HIGH   ) RuntimeInfoHook                    
(NORMAL      ) IterTimerHook                      
(NORMAL      ) DistSamplerSeedHook                
 -------------------- 
before_train_iter:
(VERY_HIGH   ) RuntimeInfoHook                    
(NORMAL      ) IterTimerHook                      
 -------------------- 
after_train_iter:
(VERY_HIGH   ) RuntimeInfoHook                    
(NORMAL      ) IterTimerHook                      
(BELOW_NORMAL) LoggerHook                         
(LOW         ) ParamSchedulerHook                 
(VERY_LOW    ) CheckpointHook                     
 -------------------- 
after_train_epoch:
(NORMAL      ) IterTimerHook                      
(LOW         ) ParamSchedulerHook                 
(VERY_LOW    ) CheckpointHook                     
 -------------------- 
before_val:
(VERY_HIGH   ) RuntimeInfoHook                    
 -------------------- 
before_val_epoch:
(NORMAL      ) IterTimerHook                      
 -------------------- 
before_val_iter:
(NORMAL      ) IterTimerHook                      
 -------------------- 
after_val_iter:
(NORMAL      ) IterTimerHook                      
(NORMAL      ) DetVisualizationHook               
(BELOW_NORMAL) LoggerHook                         
 -------------------- 
after_val_epoch:
(VERY_HIGH   ) RuntimeInfoHook                    
(NORMAL      ) IterTimerHook                      
(BELOW_NORMAL) LoggerHook                         
(LOW         ) ParamSchedulerHook                 
(VERY_LOW    ) CheckpointHook                     
 -------------------- 
after_val:
(VERY_HIGH   ) RuntimeInfoHook                    
 -------------------- 
after_train:
(VERY_HIGH   ) RuntimeInfoHook                    
(VERY_LOW    ) CheckpointHook                     
 -------------------- 
before_test:
(VERY_HIGH   ) RuntimeInfoHook                    
 -------------------- 
before_test_epoch:
(NORMAL      ) IterTimerHook                      
 -------------------- 
before_test_iter:
(NORMAL      ) IterTimerHook                      
 -------------------- 
after_test_iter:
(NORMAL      ) IterTimerHook                      
(NORMAL      ) DetVisualizationHook               
(BELOW_NORMAL) LoggerHook                         
 -------------------- 
after_test_epoch:
(VERY_HIGH   ) RuntimeInfoHook                    
(NORMAL      ) IterTimerHook                      
(BELOW_NORMAL) LoggerHook                         
 -------------------- 
after_test:
(VERY_HIGH   ) RuntimeInfoHook                    
 -------------------- 
after_run:
(BELOW_NORMAL) LoggerHook                         
 -------------------- 
loading annotations into memory...
Done (t=0.22s)
creating index...
index created!
loading annotations into memory...
Done (t=0.01s)
creating index...
index created!
loading annotations into memory...
Done (t=0.00s)
creating index...
index created!
05/26 14:46:13 - mmengine - INFO - load model from: torchvision://resnet50
05/26 14:46:13 - mmengine - INFO - Loads checkpoint by torchvision backend from path: torchvision://resnet50
05/26 14:46:13 - mmengine - WARNING - The model and loaded state dict do not match exactly

unexpected key in source state_dict: fc.weight, fc.bias

05/26 14:46:13 - mmengine - WARNING - "FileClient" will be deprecated in future. Please use io functions in https://mmengine.readthedocs.io/en/latest/api/fileio.html#file-io
05/26 14:46:13 - mmengine - WARNING - "HardDiskBackend" is the alias of "LocalBackend" and the former will be deprecated in future.
05/26 14:46:13 - mmengine - INFO - Checkpoints will be saved to /root/data-fs/GFocalV2/GFocalV2Pytorch/comparison_results/pytorch/work_dirs.
/root/data-fs/GFocalV2/GFocalV2Pytorch/mmdet/models/dense_heads/anchor_head.py:108: UserWarning: DeprecationWarning: `num_anchors` is deprecated, for consistency or also use `num_base_priors` instead
  warnings.warn('DeprecationWarning: `num_anchors` is deprecated, '
/root/data-fs/GFocalV2/GFocalV2Pytorch/mmdet/datasets/api_wrappers/coco_api.py:22: UserWarning: mmpycocotools is deprecated. Please install official pycocotools by "pip install pycocotools"
  warnings.warn(
05/26 14:46:17 - mmengine - INFO - Epoch(train)  [1][ 10/456]  lr: 1.9018e-04  eta: 0:29:49  time: 0.3276  data_time: 0.0560  memory: 3277  loss: 2.4748  loss_cls: 0.2134  loss_bbox: 1.5217  loss_dfl: 0.7396
05/26 14:46:19 - mmengine - INFO - Epoch(train)  [1][ 20/456]  lr: 3.9038e-04  eta: 0:24:41  time: 0.2718  data_time: 0.0308  memory: 3271  loss: 2.4231  loss_cls: 0.2865  loss_bbox: 1.4326  loss_dfl: 0.7040
05/26 14:46:21 - mmengine - INFO - Epoch(train)  [1][ 30/456]  lr: 5.9058e-04  eta: 0:22:59  time: 0.2535  data_time: 0.0223  memory: 3149  loss: 2.4213  loss_cls: 0.4346  loss_bbox: 1.3179  loss_dfl: 0.6687
05/26 14:46:23 - mmengine - INFO - Epoch(train)  [1][ 40/456]  lr: 7.9078e-04  eta: 0:21:57  time: 0.2426  data_time: 0.0180  memory: 3271  loss: 2.4006  loss_cls: 0.4676  loss_bbox: 1.2889  loss_dfl: 0.6441
05/26 14:46:25 - mmengine - INFO - Epoch(train)  [1][ 50/456]  lr: 9.9098e-04  eta: 0:21:16  time: 0.2354  data_time: 0.0155  memory: 3003  loss: 2.3796  loss_cls: 0.5008  loss_bbox: 1.2547  loss_dfl: 0.6241
05/26 14:46:27 - mmengine - INFO - Epoch(train)  [1][ 60/456]  lr: 1.1912e-03  eta: 0:20:53  time: 0.2125  data_time: 0.0053  memory: 3271  loss: 2.3305  loss_cls: 0.5841  loss_bbox: 1.1688  loss_dfl: 0.5776
05/26 14:46:29 - mmengine - INFO - Epoch(train)  [1][ 70/456]  lr: 1.3914e-03  eta: 0:20:35  time: 0.2116  data_time: 0.0053  memory: 3271  loss: 2.3145  loss_cls: 0.6529  loss_bbox: 1.1132  loss_dfl: 0.5484
05/26 14:46:32 - mmengine - INFO - Epoch(train)  [1][ 80/456]  lr: 1.5916e-03  eta: 0:20:24  time: 0.2112  data_time: 0.0054  memory: 3271  loss: 2.2727  loss_cls: 0.6238  loss_bbox: 1.1135  loss_dfl: 0.5354
05/26 14:46:34 - mmengine - INFO - Epoch(train)  [1][ 90/456]  lr: 1.7918e-03  eta: 0:20:10  time: 0.2109  data_time: 0.0054  memory: 3149  loss: 2.2631  loss_cls: 0.6406  loss_bbox: 1.0939  loss_dfl: 0.5285
05/26 14:46:36 - mmengine - INFO - Epoch(train)  [1][100/456]  lr: 1.9920e-03  eta: 0:19:59  time: 0.2114  data_time: 0.0053  memory: 3149  loss: 2.2640  loss_cls: 0.6366  loss_bbox: 1.0972  loss_dfl: 0.5302
05/26 14:46:38 - mmengine - INFO - Epoch(train)  [1][110/456]  lr: 2.1922e-03  eta: 0:19:51  time: 0.2109  data_time: 0.0053  memory: 3271  loss: 2.3038  loss_cls: 0.6544  loss_bbox: 1.1098  loss_dfl: 0.5396
05/26 14:46:40 - mmengine - INFO - Epoch(train)  [1][120/456]  lr: 2.3924e-03  eta: 0:19:40  time: 0.2093  data_time: 0.0053  memory: 3002  loss: 2.2587  loss_cls: 0.6250  loss_bbox: 1.1016  loss_dfl: 0.5321
05/26 14:46:42 - mmengine - INFO - Epoch(train)  [1][130/456]  lr: 2.5926e-03  eta: 0:19:35  time: 0.2090  data_time: 0.0052  memory: 3271  loss: 2.3171  loss_cls: 0.6770  loss_bbox: 1.1102  loss_dfl: 0.5300
05/26 14:46:44 - mmengine - INFO - Epoch(train)  [1][140/456]  lr: 2.7928e-03  eta: 0:19:29  time: 0.2092  data_time: 0.0052  memory: 3271  loss: 2.2820  loss_cls: 0.6829  loss_bbox: 1.0852  loss_dfl: 0.5139
05/26 14:46:46 - mmengine - INFO - Epoch(train)  [1][150/456]  lr: 2.9930e-03  eta: 0:19:24  time: 0.2096  data_time: 0.0051  memory: 3271  loss: 2.2575  loss_cls: 0.6855  loss_bbox: 1.0657  loss_dfl: 0.5062
05/26 14:46:48 - mmengine - INFO - Epoch(train)  [1][160/456]  lr: 3.1932e-03  eta: 0:19:18  time: 0.2091  data_time: 0.0051  memory: 3271  loss: 2.2219  loss_cls: 0.7070  loss_bbox: 1.0242  loss_dfl: 0.4907
05/26 14:46:50 - mmengine - INFO - Epoch(train)  [1][170/456]  lr: 3.3934e-03  eta: 0:19:14  time: 0.2108  data_time: 0.0051  memory: 3271  loss: 2.2446  loss_cls: 0.7244  loss_bbox: 1.0236  loss_dfl: 0.4966
05/26 14:46:52 - mmengine - INFO - Epoch(train)  [1][180/456]  lr: 3.5936e-03  eta: 0:19:09  time: 0.2098  data_time: 0.0051  memory: 3271  loss: 2.2086  loss_cls: 0.7044  loss_bbox: 1.0063  loss_dfl: 0.4979
05/26 14:46:55 - mmengine - INFO - Epoch(train)  [1][190/456]  lr: 3.7938e-03  eta: 0:19:03  time: 0.2088  data_time: 0.0051  memory: 3002  loss: 2.2322  loss_cls: 0.7034  loss_bbox: 1.0186  loss_dfl: 0.5102
05/26 14:46:57 - mmengine - INFO - Epoch(train)  [1][200/456]  lr: 3.9940e-03  eta: 0:19:00  time: 0.2089  data_time: 0.0050  memory: 3271  loss: 2.2327  loss_cls: 0.7116  loss_bbox: 1.0120  loss_dfl: 0.5092
05/26 14:46:59 - mmengine - INFO - Epoch(train)  [1][210/456]  lr: 4.1942e-03  eta: 0:18:56  time: 0.2095  data_time: 0.0050  memory: 3271  loss: 2.2125  loss_cls: 0.6740  loss_bbox: 1.0221  loss_dfl: 0.5164
05/26 14:47:01 - mmengine - INFO - Epoch(train)  [1][220/456]  lr: 4.3944e-03  eta: 0:18:53  time: 0.2091  data_time: 0.0050  memory: 3149  loss: 2.2097  loss_cls: 0.6835  loss_bbox: 1.0148  loss_dfl: 0.5114
05/26 14:47:03 - mmengine - INFO - Epoch(train)  [1][230/456]  lr: 4.5946e-03  eta: 0:18:49  time: 0.2089  data_time: 0.0050  memory: 3271  loss: 2.1953  loss_cls: 0.6879  loss_bbox: 1.0006  loss_dfl: 0.5067
05/26 14:47:05 - mmengine - INFO - Epoch(train)  [1][240/456]  lr: 4.7948e-03  eta: 0:18:46  time: 0.2101  data_time: 0.0050  memory: 3271  loss: 2.2053  loss_cls: 0.6802  loss_bbox: 1.0106  loss_dfl: 0.5145
05/26 14:47:07 - mmengine - INFO - Epoch(train)  [1][250/456]  lr: 4.9950e-03  eta: 0:18:42  time: 0.2098  data_time: 0.0051  memory: 3271  loss: 2.2097  loss_cls: 0.6884  loss_bbox: 1.0091  loss_dfl: 0.5122
05/26 14:47:09 - mmengine - INFO - Epoch(train)  [1][260/456]  lr: 5.1952e-03  eta: 0:18:40  time: 0.2103  data_time: 0.0052  memory: 3271  loss: 2.2312  loss_cls: 0.6987  loss_bbox: 1.0188  loss_dfl: 0.5138
05/26 14:47:11 - mmengine - INFO - Epoch(train)  [1][270/456]  lr: 5.3954e-03  eta: 0:18:37  time: 0.2108  data_time: 0.0052  memory: 3271  loss: 2.2504  loss_cls: 0.7163  loss_bbox: 1.0163  loss_dfl: 0.5178
05/26 14:47:14 - mmengine - INFO - Epoch(train)  [1][280/456]  lr: 5.5956e-03  eta: 0:18:36  time: 0.2130  data_time: 0.0052  memory: 3271  loss: 2.2554  loss_cls: 0.6930  loss_bbox: 1.0359  loss_dfl: 0.5266
05/26 14:47:16 - mmengine - INFO - Epoch(train)  [1][290/456]  lr: 5.7958e-03  eta: 0:18:32  time: 0.2122  data_time: 0.0052  memory: 3271  loss: 2.2391  loss_cls: 0.6802  loss_bbox: 1.0334  loss_dfl: 0.5256
05/26 14:47:18 - mmengine - INFO - Epoch(train)  [1][300/456]  lr: 5.9960e-03  eta: 0:18:29  time: 0.2124  data_time: 0.0052  memory: 3271  loss: 2.2429  loss_cls: 0.6828  loss_bbox: 1.0333  loss_dfl: 0.5268
05/26 14:47:20 - mmengine - INFO - Epoch(train)  [1][310/456]  lr: 6.1962e-03  eta: 0:18:26  time: 0.2110  data_time: 0.0052  memory: 3271  loss: 2.2418  loss_cls: 0.6644  loss_bbox: 1.0479  loss_dfl: 0.5294
05/26 14:47:22 - mmengine - INFO - Epoch(train)  [1][320/456]  lr: 6.3964e-03  eta: 0:18:23  time: 0.2100  data_time: 0.0052  memory: 3271  loss: 2.2184  loss_cls: 0.6439  loss_bbox: 1.0502  loss_dfl: 0.5243
05/26 14:47:24 - mmengine - INFO - Epoch(train)  [1][330/456]  lr: 6.5966e-03  eta: 0:18:20  time: 0.2081  data_time: 0.0052  memory: 3271  loss: 2.2258  loss_cls: 0.6565  loss_bbox: 1.0484  loss_dfl: 0.5209
05/26 14:47:26 - mmengine - INFO - Epoch(train)  [1][340/456]  lr: 6.7968e-03  eta: 0:18:15  time: 0.2061  data_time: 0.0052  memory: 3003  loss: 2.2301  loss_cls: 0.6958  loss_bbox: 1.0267  loss_dfl: 0.5076
05/26 14:47:28 - mmengine - INFO - Epoch(train)  [1][350/456]  lr: 6.9970e-03  eta: 0:18:11  time: 0.2049  data_time: 0.0051  memory: 3271  loss: 2.2444  loss_cls: 0.7173  loss_bbox: 1.0229  loss_dfl: 0.5043
05/26 14:47:30 - mmengine - INFO - Epoch(train)  [1][360/456]  lr: 7.1972e-03  eta: 0:18:07  time: 0.2035  data_time: 0.0050  memory: 3271  loss: 2.2540  loss_cls: 0.7748  loss_bbox: 0.9887  loss_dfl: 0.4906
05/26 14:47:32 - mmengine - INFO - Epoch(train)  [1][370/456]  lr: 7.3974e-03  eta: 0:18:04  time: 0.2021  data_time: 0.0050  memory: 3072  loss: 2.2713  loss_cls: 0.7862  loss_bbox: 0.9926  loss_dfl: 0.4924
05/26 14:47:34 - mmengine - INFO - Epoch(train)  [1][380/456]  lr: 7.5976e-03  eta: 0:18:00  time: 0.2011  data_time: 0.0050  memory: 3271  loss: 2.2730  loss_cls: 0.8114  loss_bbox: 0.9779  loss_dfl: 0.4837
05/26 14:47:36 - mmengine - INFO - Epoch(train)  [1][390/456]  lr: 7.7978e-03  eta: 0:17:57  time: 0.2019  data_time: 0.0050  memory: 3271  loss: 2.3147  loss_cls: 0.8225  loss_bbox: 1.0018  loss_dfl: 0.4904
05/26 14:47:38 - mmengine - INFO - Epoch(train)  [1][400/456]  lr: 7.9980e-03  eta: 0:17:54  time: 0.2027  data_time: 0.0050  memory: 3271  loss: 2.3172  loss_cls: 0.7974  loss_bbox: 1.0191  loss_dfl: 0.5007
05/26 14:47:40 - mmengine - INFO - Epoch(train)  [1][410/456]  lr: 8.1982e-03  eta: 0:17:51  time: 0.2031  data_time: 0.0050  memory: 3072  loss: 2.3857  loss_cls: 0.8167  loss_bbox: 1.0505  loss_dfl: 0.5185
05/26 14:47:42 - mmengine - INFO - Epoch(train)  [1][420/456]  lr: 8.3984e-03  eta: 0:17:47  time: 0.2031  data_time: 0.0051  memory: 3003  loss: 2.5428  loss_cls: 0.9757  loss_bbox: 1.0465  loss_dfl: 0.5207
05/26 14:47:44 - mmengine - INFO - Epoch(train)  [1][430/456]  lr: 8.5986e-03  eta: 0:17:44  time: 0.2026  data_time: 0.0050  memory: 3271  loss: 2.6040  loss_cls: 0.9864  loss_bbox: 1.0827  loss_dfl: 0.5349
05/26 14:47:46 - mmengine - INFO - Epoch(train)  [1][440/456]  lr: 8.7988e-03  eta: 0:17:41  time: 0.2022  data_time: 0.0050  memory: 3271  loss: 2.5539  loss_cls: 0.9853  loss_bbox: 1.0503  loss_dfl: 0.5183
05/26 14:47:48 - mmengine - INFO - Epoch(train)  [1][450/456]  lr: 8.9990e-03  eta: 0:17:38  time: 0.2014  data_time: 0.0051  memory: 3271  loss: 2.7492  loss_cls: 1.2324  loss_bbox: 1.0202  loss_dfl: 0.4966
05/26 14:47:49 - mmengine - INFO - Exp name: gfl_r50_fpn_1x_coco_20250526_144607
05/26 14:47:49 - mmengine - INFO - Saving checkpoint at 1 epochs
05/26 14:47:52 - mmengine - INFO - Epoch(val)  [1][10/20]    eta: 0:00:01  time: 0.1269  data_time: 0.0541  memory: 3271  
05/26 14:47:53 - mmengine - INFO - Epoch(val)  [1][20/20]    eta: 0:00:00  time: 0.1014  data_time: 0.0289  memory: 1000  
05/26 14:47:53 - mmengine - INFO - Evaluating bbox...
Loading and preparing results...
05/26 14:47:53 - mmengine - ERROR - /root/data-fs/GFocalV2/GFocalV2Pytorch/mmdet/evaluation/metrics/coco_metric.py - compute_metrics - 465 - The testing results of the whole dataset is empty.
05/26 14:47:53 - mmengine - INFO - Epoch(val) [1][20/20]    data_time: 0.0289  time: 0.1014
05/26 14:47:53 - mmengine - WARNING - Since `metrics` is an empty dict, the behavior to save the best checkpoint will be skipped in this evaluation.
05/26 14:47:55 - mmengine - INFO - Epoch(train)  [2][ 10/456]  lr: 9.3193e-03  eta: 0:17:33  time: 0.2022  data_time: 0.0061  memory: 3271  loss: 2.6148  loss_cls: 1.1050  loss_bbox: 1.0276  loss_dfl: 0.4822
05/26 14:47:57 - mmengine - INFO - Epoch(train)  [2][ 20/456]  lr: 9.5195e-03  eta: 0:17:30  time: 0.2020  data_time: 0.0061  memory: 3271  loss: 2.5003  loss_cls: 1.0026  loss_bbox: 1.0222  loss_dfl: 0.4756
05/26 14:47:59 - mmengine - INFO - Epoch(train)  [2][ 30/456]  lr: 9.7197e-03  eta: 0:17:27  time: 0.2029  data_time: 0.0061  memory: 3271  loss: 2.4887  loss_cls: 0.9454  loss_bbox: 1.0592  loss_dfl: 0.4841
05/26 14:48:01 - mmengine - INFO - Epoch(train)  [2][ 40/456]  lr: 9.9199e-03  eta: 0:17:24  time: 0.2019  data_time: 0.0060  memory: 3002  loss: 2.2822  loss_cls: 0.7230  loss_bbox: 1.0664  loss_dfl: 0.4928
05/26 14:48:03 - mmengine - INFO - Epoch(train)  [2][ 50/456]  lr: 1.0000e-02  eta: 0:17:21  time: 0.2031  data_time: 0.0061  memory: 3271  loss: 2.3264  loss_cls: 0.7353  loss_bbox: 1.0811  loss_dfl: 0.5101
05/26 14:48:05 - mmengine - INFO - Epoch(train)  [2][ 60/456]  lr: 1.0000e-02  eta: 0:17:18  time: 0.2019  data_time: 0.0051  memory: 3271  loss: 2.2915  loss_cls: 0.7234  loss_bbox: 1.0579  loss_dfl: 0.5102
05/26 14:48:07 - mmengine - INFO - Epoch(train)  [2][ 70/456]  lr: 1.0000e-02  eta: 0:17:15  time: 0.2016  data_time: 0.0051  memory: 3003  loss: 2.3082  loss_cls: 0.7337  loss_bbox: 1.0622  loss_dfl: 0.5123
05/26 14:48:09 - mmengine - INFO - Epoch(train)  [2][ 80/456]  lr: 1.0000e-02  eta: 0:17:13  time: 0.2013  data_time: 0.0050  memory: 3149  loss: 2.3062  loss_cls: 0.7647  loss_bbox: 1.0330  loss_dfl: 0.5085
05/26 14:48:11 - mmengine - INFO - Epoch(train)  [2][ 90/456]  lr: 1.0000e-02  eta: 0:17:10  time: 0.2026  data_time: 0.0051  memory: 3271  loss: 2.3133  loss_cls: 0.7616  loss_bbox: 1.0428  loss_dfl: 0.5090
05/26 14:48:13 - mmengine - INFO - Epoch(train)  [2][100/456]  lr: 1.0000e-02  eta: 0:17:08  time: 0.2036  data_time: 0.0051  memory: 3271  loss: 2.2933  loss_cls: 0.7335  loss_bbox: 1.0521  loss_dfl: 0.5077
05/26 14:48:15 - mmengine - INFO - Epoch(train)  [2][110/456]  lr: 1.0000e-02  eta: 0:17:05  time: 0.2033  data_time: 0.0051  memory: 3271  loss: 2.3097  loss_cls: 0.7372  loss_bbox: 1.0692  loss_dfl: 0.5032
05/26 14:48:17 - mmengine - INFO - Epoch(train)  [2][120/456]  lr: 1.0000e-02  eta: 0:17:03  time: 0.2048  data_time: 0.0051  memory: 3271  loss: 2.2882  loss_cls: 0.7254  loss_bbox: 1.0616  loss_dfl: 0.5012
05/26 14:48:19 - mmengine - INFO - Epoch(train)  [2][130/456]  lr: 1.0000e-02  eta: 0:17:00  time: 0.2043  data_time: 0.0051  memory: 3149  loss: 2.2969  loss_cls: 0.7513  loss_bbox: 1.0467  loss_dfl: 0.4989
05/26 14:48:21 - mmengine - INFO - Epoch(train)  [2][140/456]  lr: 1.0000e-02  eta: 0:16:57  time: 0.2033  data_time: 0.0051  memory: 3072  loss: 2.2920  loss_cls: 0.7993  loss_bbox: 1.0057  loss_dfl: 0.4870
05/26 14:48:23 - mmengine - INFO - Epoch(train)  [2][150/456]  lr: 1.0000e-02  eta: 0:16:55  time: 0.2021  data_time: 0.0051  memory: 3149  loss: 2.2638  loss_cls: 0.8061  loss_bbox: 0.9808  loss_dfl: 0.4769
05/26 14:48:25 - mmengine - INFO - Epoch(train)  [2][160/456]  lr: 1.0000e-02  eta: 0:16:52  time: 0.2016  data_time: 0.0052  memory: 3271  loss: 2.2270  loss_cls: 0.7431  loss_bbox: 0.9969  loss_dfl: 0.4871
05/26 14:48:27 - mmengine - INFO - Epoch(train)  [2][170/456]  lr: 1.0000e-02  eta: 0:16:49  time: 0.2011  data_time: 0.0053  memory: 3072  loss: 2.2105  loss_cls: 0.7244  loss_bbox: 0.9989  loss_dfl: 0.4872
05/26 14:48:29 - mmengine - INFO - Epoch(train)  [2][180/456]  lr: 1.0000e-02  eta: 0:16:47  time: 0.2022  data_time: 0.0053  memory: 3271  loss: 2.1967  loss_cls: 0.6943  loss_bbox: 1.0121  loss_dfl: 0.4903
05/26 14:48:31 - mmengine - INFO - Epoch(train)  [2][190/456]  lr: 1.0000e-02  eta: 0:16:45  time: 0.2023  data_time: 0.0053  memory: 3271  loss: 2.1808  loss_cls: 0.6707  loss_bbox: 1.0148  loss_dfl: 0.4953
05/26 14:48:33 - mmengine - INFO - Epoch(train)  [2][200/456]  lr: 1.0000e-02  eta: 0:16:42  time: 0.2038  data_time: 0.0053  memory: 3271  loss: 2.1899  loss_cls: 0.6689  loss_bbox: 1.0185  loss_dfl: 0.5024
05/26 14:48:35 - mmengine - INFO - Epoch(train)  [2][210/456]  lr: 1.0000e-02  eta: 0:16:40  time: 0.2051  data_time: 0.0053  memory: 3271  loss: 2.1939  loss_cls: 0.6963  loss_bbox: 0.9996  loss_dfl: 0.4980
05/26 14:48:37 - mmengine - INFO - Epoch(train)  [2][220/456]  lr: 1.0000e-02  eta: 0:16:38  time: 0.2046  data_time: 0.0052  memory: 3003  loss: 2.2036  loss_cls: 0.6721  loss_bbox: 1.0233  loss_dfl: 0.5082
05/26 14:48:39 - mmengine - INFO - Epoch(train)  [2][230/456]  lr: 1.0000e-02  eta: 0:16:35  time: 0.2042  data_time: 0.0052  memory: 3271  loss: 2.2072  loss_cls: 0.6718  loss_bbox: 1.0272  loss_dfl: 0.5083
05/26 14:48:41 - mmengine - INFO - Epoch(train)  [2][240/456]  lr: 1.0000e-02  eta: 0:16:33  time: 0.2038  data_time: 0.0052  memory: 3149  loss: 2.2151  loss_cls: 0.6700  loss_bbox: 1.0380  loss_dfl: 0.5071
05/26 14:48:43 - mmengine - INFO - Epoch(train)  [2][250/456]  lr: 1.0000e-02  eta: 0:16:30  time: 0.2033  data_time: 0.0052  memory: 3271  loss: 2.2163  loss_cls: 0.6859  loss_bbox: 1.0265  loss_dfl: 0.5039
05/26 14:48:46 - mmengine - INFO - Epoch(train)  [2][260/456]  lr: 1.0000e-02  eta: 0:16:28  time: 0.2028  data_time: 0.0051  memory: 3271  loss: 2.2092  loss_cls: 0.6847  loss_bbox: 1.0250  loss_dfl: 0.4996
05/26 14:48:48 - mmengine - INFO - Epoch(train)  [2][270/456]  lr: 1.0000e-02  eta: 0:16:26  time: 0.2038  data_time: 0.0051  memory: 3271  loss: 2.1786  loss_cls: 0.6946  loss_bbox: 0.9951  loss_dfl: 0.4889
05/26 14:48:50 - mmengine - INFO - Epoch(train)  [2][280/456]  lr: 1.0000e-02  eta: 0:16:23  time: 0.2036  data_time: 0.0051  memory: 3072  loss: 2.1506  loss_cls: 0.6714  loss_bbox: 0.9916  loss_dfl: 0.4876
05/26 14:48:52 - mmengine - INFO - Epoch(train)  [2][290/456]  lr: 1.0000e-02  eta: 0:16:21  time: 0.2034  data_time: 0.0051  memory: 3003  loss: 2.1342  loss_cls: 0.6478  loss_bbox: 0.9954  loss_dfl: 0.4910
05/26 14:48:54 - mmengine - INFO - Epoch(train)  [2][300/456]  lr: 1.0000e-02  eta: 0:16:19  time: 0.2041  data_time: 0.0051  memory: 3271  loss: 2.1384  loss_cls: 0.6163  loss_bbox: 1.0254  loss_dfl: 0.4966
05/26 14:48:56 - mmengine - INFO - Epoch(train)  [2][310/456]  lr: 1.0000e-02  eta: 0:16:16  time: 0.2031  data_time: 0.0051  memory: 3271  loss: 2.1524  loss_cls: 0.6200  loss_bbox: 1.0307  loss_dfl: 0.5016
05/26 14:48:58 - mmengine - INFO - Epoch(train)  [2][320/456]  lr: 1.0000e-02  eta: 0:16:14  time: 0.2034  data_time: 0.0052  memory: 3271  loss: 2.1833  loss_cls: 0.6103  loss_bbox: 1.0599  loss_dfl: 0.5130
05/26 14:49:00 - mmengine - INFO - Epoch(train)  [2][330/456]  lr: 1.0000e-02  eta: 0:16:12  time: 0.2046  data_time: 0.0051  memory: 3271  loss: 2.1957  loss_cls: 0.6187  loss_bbox: 1.0614  loss_dfl: 0.5156
05/26 14:49:02 - mmengine - INFO - Epoch(train)  [2][340/456]  lr: 1.0000e-02  eta: 0:16:10  time: 0.2051  data_time: 0.0052  memory: 3271  loss: 2.2207  loss_cls: 0.6275  loss_bbox: 1.0726  loss_dfl: 0.5206
05/26 14:49:04 - mmengine - INFO - Epoch(train)  [2][350/456]  lr: 1.0000e-02  eta: 0:16:07  time: 0.2044  data_time: 0.0052  memory: 3271  loss: 2.2175  loss_cls: 0.6480  loss_bbox: 1.0547  loss_dfl: 0.5149
05/26 14:49:06 - mmengine - INFO - Epoch(train)  [2][360/456]  lr: 1.0000e-02  eta: 0:16:05  time: 0.2048  data_time: 0.0052  memory: 3072  loss: 2.2193  loss_cls: 0.6520  loss_bbox: 1.0526  loss_dfl: 0.5148
05/26 14:49:08 - mmengine - INFO - Epoch(train)  [2][370/456]  lr: 1.0000e-02  eta: 0:16:03  time: 0.2045  data_time: 0.0051  memory: 3271  loss: 2.1901  loss_cls: 0.6665  loss_bbox: 1.0207  loss_dfl: 0.5029
05/26 14:49:10 - mmengine - INFO - Epoch(train)  [2][380/456]  lr: 1.0000e-02  eta: 0:16:01  time: 0.2045  data_time: 0.0051  memory: 3271  loss: 2.1955  loss_cls: 0.6901  loss_bbox: 1.0108  loss_dfl: 0.4946
05/26 14:49:12 - mmengine - INFO - Epoch(train)  [2][390/456]  lr: 1.0000e-02  eta: 0:15:59  time: 0.2051  data_time: 0.0052  memory: 3271  loss: 2.1826  loss_cls: 0.6690  loss_bbox: 1.0198  loss_dfl: 0.4939
05/26 14:49:14 - mmengine - INFO - Epoch(train)  [2][400/456]  lr: 1.0000e-02  eta: 0:15:56  time: 0.2053  data_time: 0.0051  memory: 3271  loss: 2.1910  loss_cls: 0.6675  loss_bbox: 1.0277  loss_dfl: 0.4959
05/26 14:49:16 - mmengine - INFO - Epoch(train)  [2][410/456]  lr: 1.0000e-02  eta: 0:15:54  time: 0.2057  data_time: 0.0052  memory: 3271  loss: 2.1690  loss_cls: 0.6487  loss_bbox: 1.0267  loss_dfl: 0.4936
05/26 14:49:18 - mmengine - INFO - Epoch(train)  [2][420/456]  lr: 1.0000e-02  eta: 0:15:52  time: 0.2042  data_time: 0.0052  memory: 3271  loss: 2.1941  loss_cls: 0.6727  loss_bbox: 1.0261  loss_dfl: 0.4953
05/26 14:49:20 - mmengine - INFO - Epoch(train)  [2][430/456]  lr: 1.0000e-02  eta: 0:15:50  time: 0.2039  data_time: 0.0052  memory: 3271  loss: 2.1968  loss_cls: 0.6523  loss_bbox: 1.0412  loss_dfl: 0.5033
05/26 14:49:22 - mmengine - INFO - Epoch(train)  [2][440/456]  lr: 1.0000e-02  eta: 0:15:47  time: 0.2033  data_time: 0.0051  memory: 3003  loss: 2.1952  loss_cls: 0.6719  loss_bbox: 1.0243  loss_dfl: 0.4990
05/26 14:49:24 - mmengine - INFO - Epoch(train)  [2][450/456]  lr: 1.0000e-02  eta: 0:15:45  time: 0.2048  data_time: 0.0051  memory: 3271  loss: 2.1717  loss_cls: 0.6547  loss_bbox: 1.0200  loss_dfl: 0.4971
05/26 14:49:26 - mmengine - INFO - Exp name: gfl_r50_fpn_1x_coco_20250526_144607
05/26 14:49:26 - mmengine - INFO - Saving checkpoint at 2 epochs
05/26 14:49:28 - mmengine - INFO - Epoch(val)  [2][10/20]    eta: 0:00:00  time: 0.0963  data_time: 0.0223  memory: 3003  
05/26 14:49:29 - mmengine - INFO - Epoch(val)  [2][20/20]    eta: 0:00:00  time: 0.0922  data_time: 0.0176  memory: 1000  
05/26 14:49:29 - mmengine - INFO - Evaluating bbox...
Loading and preparing results...
DONE (t=0.01s)
creating index...
index created!
Running per image evaluation...
Evaluate annotation type *bbox*
DONE (t=0.13s).
Accumulating evaluation results...
DONE (t=0.22s).
Average Precision  (AP) @[ IoU=0.50:0.95 | area=   all | maxDets=100 ] = 0.000
Average Precision  (AP) @[ IoU=0.50      | area=   all | maxDets=1000 ] = 0.000
Average Precision  (AP) @[ IoU=0.75      | area=   all | maxDets=1000 ] = 0.000
Average Precision  (AP) @[ IoU=0.50:0.95 | area= small | maxDets=1000 ] = 0.000
Average Precision  (AP) @[ IoU=0.50:0.95 | area=medium | maxDets=1000 ] = 0.000
Average Precision  (AP) @[ IoU=0.50:0.95 | area= large | maxDets=1000 ] = 0.000
Average Recall     (AR) @[ IoU=0.50:0.95 | area=   all | maxDets=100 ] = 0.005
Average Recall     (AR) @[ IoU=0.50:0.95 | area=   all | maxDets=300 ] = 0.005
Average Recall     (AR) @[ IoU=0.50:0.95 | area=   all | maxDets=1000 ] = 0.005
Average Recall     (AR) @[ IoU=0.50:0.95 | area= small | maxDets=1000 ] = 0.000
Average Recall     (AR) @[ IoU=0.50:0.95 | area=medium | maxDets=1000 ] = 0.000
Average Recall     (AR) @[ IoU=0.50:0.95 | area= large | maxDets=1000 ] = 0.012
05/26 14:49:29 - mmengine - INFO - bbox_mAP_copypaste: 0.000 0.000 0.000 0.000 0.000 0.000
05/26 14:49:29 - mmengine - INFO - Epoch(val) [2][20/20]    coco/bbox_mAP: 0.0000  coco/bbox_mAP_50: 0.0000  coco/bbox_mAP_75: 0.0000  coco/bbox_mAP_s: 0.0000  coco/bbox_mAP_m: 0.0000  coco/bbox_mAP_l: 0.0000  data_time: 0.0061  time: 0.0808
05/26 14:49:31 - mmengine - INFO - Epoch(train)  [3][ 10/456]  lr: 1.0000e-02  eta: 0:15:42  time: 0.2062  data_time: 0.0057  memory: 3271  loss: 2.1834  loss_cls: 0.6501  loss_bbox: 1.0324  loss_dfl: 0.5009
05/26 14:49:33 - mmengine - INFO - Epoch(train)  [3][ 20/456]  lr: 1.0000e-02  eta: 0:15:40  time: 0.2069  data_time: 0.0057  memory: 3271  loss: 2.1558  loss_cls: 0.6482  loss_bbox: 1.0133  loss_dfl: 0.4943
05/26 14:49:35 - mmengine - INFO - Epoch(train)  [3][ 30/456]  lr: 1.0000e-02  eta: 0:15:38  time: 0.2090  data_time: 0.0058  memory: 3271  loss: 2.1235  loss_cls: 0.6418  loss_bbox: 0.9955  loss_dfl: 0.4861
05/26 14:49:38 - mmengine - INFO - Epoch(train)  [3][ 40/456]  lr: 1.0000e-02  eta: 0:15:36  time: 0.2096  data_time: 0.0058  memory: 3271  loss: 2.1488  loss_cls: 0.6567  loss_bbox: 1.0010  loss_dfl: 0.4911
05/26 14:49:40 - mmengine - INFO - Epoch(train)  [3][ 50/456]  lr: 1.0000e-02  eta: 0:15:34  time: 0.2109  data_time: 0.0060  memory: 3271  loss: 2.1482  loss_cls: 0.6598  loss_bbox: 1.0015  loss_dfl: 0.4870
05/26 14:49:42 - mmengine - INFO - Epoch(train)  [3][ 60/456]  lr: 1.0000e-02  eta: 0:15:33  time: 0.2114  data_time: 0.0053  memory: 3271  loss: 2.1467  loss_cls: 0.6302  loss_bbox: 1.0232  loss_dfl: 0.4932
05/26 14:49:44 - mmengine - INFO - Epoch(train)  [3][ 70/456]  lr: 1.0000e-02  eta: 0:15:30  time: 0.2100  data_time: 0.0053  memory: 3003  loss: 2.1546  loss_cls: 0.6386  loss_bbox: 1.0237  loss_dfl: 0.4923
05/26 14:49:46 - mmengine - INFO - Epoch(train)  [3][ 80/456]  lr: 1.0000e-02  eta: 0:15:28  time: 0.2102  data_time: 0.0053  memory: 3003  loss: 2.1607  loss_cls: 0.6312  loss_bbox: 1.0332  loss_dfl: 0.4963
05/26 14:49:48 - mmengine - INFO - Exp name: gfl_r50_fpn_1x_coco_20250526_144607
05/26 14:49:48 - mmengine - INFO - Epoch(train)  [3][ 90/456]  lr: 1.0000e-02  eta: 0:15:27  time: 0.2097  data_time: 0.0053  memory: 3271  loss: 2.1372  loss_cls: 0.6360  loss_bbox: 1.0132  loss_dfl: 0.4881
05/26 14:49:50 - mmengine - INFO - Epoch(train)  [3][100/456]  lr: 1.0000e-02  eta: 0:15:24  time: 0.2086  data_time: 0.0053  memory: 3003  loss: 2.1540  loss_cls: 0.6623  loss_bbox: 1.0031  loss_dfl: 0.4887
05/26 14:49:52 - mmengine - INFO - Epoch(train)  [3][110/456]  lr: 1.0000e-02  eta: 0:15:22  time: 0.2073  data_time: 0.0051  memory: 3271  loss: 2.1426  loss_cls: 0.6615  loss_bbox: 0.9951  loss_dfl: 0.4859
05/26 14:49:54 - mmengine - INFO - Epoch(train)  [3][120/456]  lr: 1.0000e-02  eta: 0:15:20  time: 0.2080  data_time: 0.0051  memory: 3271  loss: 2.1642  loss_cls: 0.7089  loss_bbox: 0.9725  loss_dfl: 0.4828
05/26 14:49:56 - mmengine - INFO - Epoch(train)  [3][130/456]  lr: 1.0000e-02  eta: 0:15:18  time: 0.2082  data_time: 0.0051  memory: 3271  loss: 2.1836  loss_cls: 0.7072  loss_bbox: 0.9873  loss_dfl: 0.4891
05/26 14:49:58 - mmengine - INFO - Epoch(train)  [3][140/456]  lr: 1.0000e-02  eta: 0:15:16  time: 0.2069  data_time: 0.0050  memory: 3003  loss: 2.1880  loss_cls: 0.6978  loss_bbox: 0.9975  loss_dfl: 0.4927
05/26 14:50:01 - mmengine - INFO - Epoch(train)  [3][150/456]  lr: 1.0000e-02  eta: 0:15:14  time: 0.2083  data_time: 0.0051  memory: 3271  loss: 2.1921  loss_cls: 0.6936  loss_bbox: 1.0020  loss_dfl: 0.4965
05/26 14:50:03 - mmengine - INFO - Epoch(train)  [3][160/456]  lr: 1.0000e-02  eta: 0:15:12  time: 0.2080  data_time: 0.0051  memory: 3271  loss: 2.1928  loss_cls: 0.7173  loss_bbox: 0.9850  loss_dfl: 0.4905
05/26 14:50:05 - mmengine - INFO - Epoch(train)  [3][170/456]  lr: 1.0000e-02  eta: 0:15:10  time: 0.2069  data_time: 0.0051  memory: 3149  loss: 2.1975  loss_cls: 0.6916  loss_bbox: 1.0090  loss_dfl: 0.4969
05/26 14:50:07 - mmengine - INFO - Epoch(train)  [3][180/456]  lr: 1.0000e-02  eta: 0:15:08  time: 0.2056  data_time: 0.0052  memory: 3149  loss: 2.1695  loss_cls: 0.6711  loss_bbox: 1.0050  loss_dfl: 0.4934
05/26 14:50:09 - mmengine - INFO - Epoch(train)  [3][190/456]  lr: 1.0000e-02  eta: 0:15:05  time: 0.2047  data_time: 0.0052  memory: 3003  loss: 2.1462  loss_cls: 0.6902  loss_bbox: 0.9758  loss_dfl: 0.4802
05/26 14:50:11 - mmengine - INFO - Epoch(train)  [3][200/456]  lr: 1.0000e-02  eta: 0:15:03  time: 0.2041  data_time: 0.0052  memory: 3271  loss: 2.2017  loss_cls: 0.7379  loss_bbox: 0.9825  loss_dfl: 0.4814
05/26 14:50:13 - mmengine - INFO - Epoch(train)  [3][210/456]  lr: 1.0000e-02  eta: 0:15:01  time: 0.2035  data_time: 0.0051  memory: 3271  loss: 2.2229  loss_cls: 0.7415  loss_bbox: 0.9940  loss_dfl: 0.4874
05/26 14:50:15 - mmengine - INFO - Epoch(train)  [3][220/456]  lr: 1.0000e-02  eta: 0:14:59  time: 0.2036  data_time: 0.0052  memory: 3271  loss: 2.2057  loss_cls: 0.7086  loss_bbox: 1.0074  loss_dfl: 0.4898
05/26 14:50:17 - mmengine - INFO - Epoch(train)  [3][230/456]  lr: 1.0000e-02  eta: 0:14:56  time: 0.2029  data_time: 0.0052  memory: 3149  loss: 2.2205  loss_cls: 0.7087  loss_bbox: 1.0167  loss_dfl: 0.4951
05/26 14:50:19 - mmengine - INFO - Epoch(train)  [3][240/456]  lr: 1.0000e-02  eta: 0:14:54  time: 0.2043  data_time: 0.0052  memory: 3271  loss: 2.2253  loss_cls: 0.7029  loss_bbox: 1.0228  loss_dfl: 0.4996
05/26 14:50:21 - mmengine - INFO - Epoch(train)  [3][250/456]  lr: 1.0000e-02  eta: 0:14:52  time: 0.2040  data_time: 0.0052  memory: 3271  loss: 2.1599  loss_cls: 0.6387  loss_bbox: 1.0219  loss_dfl: 0.4993
05/26 14:50:23 - mmengine - INFO - Epoch(train)  [3][260/456]  lr: 1.0000e-02  eta: 0:14:50  time: 0.2032  data_time: 0.0051  memory: 3003  loss: 2.1294  loss_cls: 0.6309  loss_bbox: 1.0069  loss_dfl: 0.4916
05/26 14:50:25 - mmengine - INFO - Epoch(train)  [3][270/456]  lr: 1.0000e-02  eta: 0:14:47  time: 0.2024  data_time: 0.0051  memory: 3271  loss: 2.1238  loss_cls: 0.6519  loss_bbox: 0.9855  loss_dfl: 0.4863
05/26 14:50:27 - mmengine - INFO - Epoch(train)  [3][280/456]  lr: 1.0000e-02  eta: 0:14:45  time: 0.2030  data_time: 0.0051  memory: 3003  loss: 2.1302  loss_cls: 0.6662  loss_bbox: 0.9802  loss_dfl: 0.4838
05/26 14:50:29 - mmengine - INFO - Epoch(train)  [3][290/456]  lr: 1.0000e-02  eta: 0:14:43  time: 0.2026  data_time: 0.0052  memory: 3271  loss: 2.1261  loss_cls: 0.6489  loss_bbox: 0.9899  loss_dfl: 0.4873
05/26 14:50:31 - mmengine - INFO - Epoch(train)  [3][300/456]  lr: 1.0000e-02  eta: 0:14:41  time: 0.2027  data_time: 0.0052  memory: 3271  loss: 2.0969  loss_cls: 0.6502  loss_bbox: 0.9684  loss_dfl: 0.4784
05/26 14:50:33 - mmengine - INFO - Epoch(train)  [3][310/456]  lr: 1.0000e-02  eta: 0:14:39  time: 0.2036  data_time: 0.0052  memory: 3271  loss: 2.1111  loss_cls: 0.6532  loss_bbox: 0.9744  loss_dfl: 0.4835
05/26 14:50:35 - mmengine - INFO - Epoch(train)  [3][320/456]  lr: 1.0000e-02  eta: 0:14:37  time: 0.2045  data_time: 0.0051  memory: 3271  loss: 2.1085  loss_cls: 0.6438  loss_bbox: 0.9799  loss_dfl: 0.4848
05/26 14:50:37 - mmengine - INFO - Epoch(train)  [3][330/456]  lr: 1.0000e-02  eta: 0:14:34  time: 0.2041  data_time: 0.0052  memory: 3271  loss: 2.1393  loss_cls: 0.6773  loss_bbox: 0.9770  loss_dfl: 0.4850
05/26 14:50:39 - mmengine - INFO - Epoch(train)  [3][340/456]  lr: 1.0000e-02  eta: 0:14:32  time: 0.2041  data_time: 0.0051  memory: 3271  loss: 2.1448  loss_cls: 0.6779  loss_bbox: 0.9813  loss_dfl: 0.4856
05/26 14:50:41 - mmengine - INFO - Epoch(train)  [3][350/456]  lr: 1.0000e-02  eta: 0:14:30  time: 0.2043  data_time: 0.0050  memory: 3271  loss: 2.1730  loss_cls: 0.6868  loss_bbox: 0.9936  loss_dfl: 0.4926
05/26 14:50:43 - mmengine - INFO - Epoch(train)  [3][360/456]  lr: 1.0000e-02  eta: 0:14:28  time: 0.2051  data_time: 0.0051  memory: 3271  loss: 2.1452  loss_cls: 0.6581  loss_bbox: 0.9954  loss_dfl: 0.4917
05/26 14:50:45 - mmengine - INFO - Epoch(train)  [3][370/456]  lr: 1.0000e-02  eta: 0:14:26  time: 0.2047  data_time: 0.0051  memory: 3072  loss: 2.1433  loss_cls: 0.6401  loss_bbox: 1.0097  loss_dfl: 0.4934
05/26 14:50:47 - mmengine - INFO - Epoch(train)  [3][380/456]  lr: 1.0000e-02  eta: 0:14:24  time: 0.2050  data_time: 0.0050  memory: 3072  loss: 2.0986  loss_cls: 0.5965  loss_bbox: 1.0102  loss_dfl: 0.4920
05/26 14:50:49 - mmengine - INFO - Epoch(train)  [3][390/456]  lr: 1.0000e-02  eta: 0:14:22  time: 0.2046  data_time: 0.0050  memory: 3271  loss: 2.1078  loss_cls: 0.6101  loss_bbox: 1.0071  loss_dfl: 0.4907
05/26 14:50:52 - mmengine - INFO - Epoch(train)  [3][400/456]  lr: 1.0000e-02  eta: 0:14:20  time: 0.2053  data_time: 0.0051  memory: 3149  loss: 2.0936  loss_cls: 0.6214  loss_bbox: 0.9876  loss_dfl: 0.4846
05/26 14:50:54 - mmengine - INFO - Epoch(train)  [3][410/456]  lr: 1.0000e-02  eta: 0:14:18  time: 0.2065  data_time: 0.0050  memory: 3271  loss: 2.1018  loss_cls: 0.6559  loss_bbox: 0.9674  loss_dfl: 0.4786
05/26 14:50:56 - mmengine - INFO - Epoch(train)  [3][420/456]  lr: 1.0000e-02  eta: 0:14:16  time: 0.2070  data_time: 0.0050  memory: 3149  loss: 2.1061  loss_cls: 0.7137  loss_bbox: 0.9239  loss_dfl: 0.4684
05/26 14:50:58 - mmengine - INFO - Epoch(train)  [3][430/456]  lr: 1.0000e-02  eta: 0:14:14  time: 0.2084  data_time: 0.0050  memory: 3271  loss: 2.1160  loss_cls: 0.7321  loss_bbox: 0.9183  loss_dfl: 0.4655
05/26 14:51:00 - mmengine - INFO - Epoch(train)  [3][440/456]  lr: 1.0000e-02  eta: 0:14:12  time: 0.2107  data_time: 0.0050  memory: 3271  loss: 2.0965  loss_cls: 0.7066  loss_bbox: 0.9221  loss_dfl: 0.4678
05/26 14:51:02 - mmengine - INFO - Epoch(train)  [3][450/456]  lr: 1.0000e-02  eta: 0:14:10  time: 0.2116  data_time: 0.0050  memory: 3271  loss: 2.0997  loss_cls: 0.7254  loss_bbox: 0.9111  loss_dfl: 0.4632
05/26 14:51:03 - mmengine - INFO - Exp name: gfl_r50_fpn_1x_coco_20250526_144607
05/26 14:51:03 - mmengine - INFO - Saving checkpoint at 3 epochs
05/26 14:51:05 - mmengine - INFO - Epoch(val)  [3][10/20]    eta: 0:00:00  time: 0.0910  data_time: 0.0161  memory: 3003  
05/26 14:51:06 - mmengine - INFO - Epoch(val)  [3][20/20]    eta: 0:00:00  time: 0.0815  data_time: 0.0060  memory: 1000  
05/26 14:51:06 - mmengine - INFO - Evaluating bbox...
Loading and preparing results...
DONE (t=0.01s)
creating index...
index created!
Running per image evaluation...
Evaluate annotation type *bbox*
DONE (t=0.34s).
Accumulating evaluation results...
DONE (t=0.25s).
Average Precision  (AP) @[ IoU=0.50:0.95 | area=   all | maxDets=100 ] = 0.001
Average Precision  (AP) @[ IoU=0.50      | area=   all | maxDets=1000 ] = 0.003
Average Precision  (AP) @[ IoU=0.75      | area=   all | maxDets=1000 ] = 0.001
Average Precision  (AP) @[ IoU=0.50:0.95 | area= small | maxDets=1000 ] = 0.000
Average Precision  (AP) @[ IoU=0.50:0.95 | area=medium | maxDets=1000 ] = 0.000
Average Precision  (AP) @[ IoU=0.50:0.95 | area= large | maxDets=1000 ] = 0.006
Average Recall     (AR) @[ IoU=0.50:0.95 | area=   all | maxDets=100 ] = 0.021
Average Recall     (AR) @[ IoU=0.50:0.95 | area=   all | maxDets=300 ] = 0.021
Average Recall     (AR) @[ IoU=0.50:0.95 | area=   all | maxDets=1000 ] = 0.021
Average Recall     (AR) @[ IoU=0.50:0.95 | area= small | maxDets=1000 ] = 0.000
Average Recall     (AR) @[ IoU=0.50:0.95 | area=medium | maxDets=1000 ] = 0.001
Average Recall     (AR) @[ IoU=0.50:0.95 | area= large | maxDets=1000 ] = 0.092
05/26 14:51:07 - mmengine - INFO - bbox_mAP_copypaste: 0.001 0.003 0.001 0.000 0.000 0.006
05/26 14:51:07 - mmengine - INFO - Epoch(val) [3][20/20]    coco/bbox_mAP: 0.0010  coco/bbox_mAP_50: 0.0030  coco/bbox_mAP_75: 0.0010  coco/bbox_mAP_s: 0.0000  coco/bbox_mAP_m: 0.0000  coco/bbox_mAP_l: 0.0060  data_time: 0.0067  time: 0.0809
05/26 14:51:09 - mmengine - INFO - Epoch(train)  [4][ 10/456]  lr: 1.0000e-02  eta: 0:14:07  time: 0.2097  data_time: 0.0061  memory: 3271  loss: 2.2678  loss_cls: 0.8835  loss_bbox: 0.9185  loss_dfl: 0.4658
05/26 14:51:11 - mmengine - INFO - Epoch(train)  [4][ 20/456]  lr: 1.0000e-02  eta: 0:14:04  time: 0.2090  data_time: 0.0061  memory: 3003  loss: 2.2668  loss_cls: 0.8879  loss_bbox: 0.9127  loss_dfl: 0.4663
05/26 14:51:13 - mmengine - INFO - Epoch(train)  [4][ 30/456]  lr: 1.0000e-02  eta: 0:14:02  time: 0.2078  data_time: 0.0060  memory: 3271  loss: 2.3237  loss_cls: 0.8898  loss_bbox: 0.9529  loss_dfl: 0.4810
05/26 14:51:15 - mmengine - INFO - Epoch(train)  [4][ 40/456]  lr: 1.0000e-02  eta: 0:14:00  time: 0.2065  data_time: 0.0061  memory: 3200  loss: 2.3407  loss_cls: 0.8941  loss_bbox: 0.9601  loss_dfl: 0.4866
05/26 14:51:17 - mmengine - INFO - Epoch(train)  [4][ 50/456]  lr: 1.0000e-02  eta: 0:13:58  time: 0.2067  data_time: 0.0062  memory: 3003  loss: 2.3322  loss_cls: 0.8727  loss_bbox: 0.9687  loss_dfl: 0.4908
05/26 14:51:19 - mmengine - INFO - Epoch(train)  [4][ 60/456]  lr: 1.0000e-02  eta: 0:13:56  time: 0.2068  data_time: 0.0050  memory: 3271  loss: 2.1701  loss_cls: 0.6955  loss_bbox: 0.9809  loss_dfl: 0.4937
05/26 14:51:21 - mmengine - INFO - Epoch(train)  [4][ 70/456]  lr: 1.0000e-02  eta: 0:13:54  time: 0.2076  data_time: 0.0051  memory: 3271  loss: 2.1550  loss_cls: 0.6715  loss_bbox: 0.9887  loss_dfl: 0.4948
05/26 14:51:23 - mmengine - INFO - Epoch(train)  [4][ 80/456]  lr: 1.0000e-02  eta: 0:13:52  time: 0.2071  data_time: 0.0051  memory: 3072  loss: 2.0758  loss_cls: 0.6613  loss_bbox: 0.9397  loss_dfl: 0.4748
05/26 14:51:26 - mmengine - INFO - Epoch(train)  [4][ 90/456]  lr: 1.0000e-02  eta: 0:13:50  time: 0.2065  data_time: 0.0051  memory: 3271  loss: 2.0522  loss_cls: 0.6443  loss_bbox: 0.9392  loss_dfl: 0.4687
05/26 14:51:28 - mmengine - INFO - Epoch(train)  [4][100/456]  lr: 1.0000e-02  eta: 0:13:48  time: 0.2077  data_time: 0.0051  memory: 3271  loss: 2.0864  loss_cls: 0.6492  loss_bbox: 0.9623  loss_dfl: 0.4750
05/26 14:51:30 - mmengine - INFO - Epoch(train)  [4][110/456]  lr: 1.0000e-02  eta: 0:13:46  time: 0.2061  data_time: 0.0051  memory: 3271  loss: 2.1207  loss_cls: 0.6753  loss_bbox: 0.9679  loss_dfl: 0.4775
05/26 14:51:32 - mmengine - INFO - Epoch(train)  [4][120/456]  lr: 1.0000e-02  eta: 0:13:44  time: 0.2062  data_time: 0.0051  memory: 3271  loss: 2.1303  loss_cls: 0.7048  loss_bbox: 0.9513  loss_dfl: 0.4742
05/26 14:51:34 - mmengine - INFO - Epoch(train)  [4][130/456]  lr: 1.0000e-02  eta: 0:13:42  time: 0.2048  data_time: 0.0050  memory: 3072  loss: 2.1292  loss_cls: 0.7195  loss_bbox: 0.9384  loss_dfl: 0.4714
05/26 14:51:36 - mmengine - INFO - Epoch(train)  [4][140/456]  lr: 1.0000e-02  eta: 0:13:39  time: 0.2050  data_time: 0.0051  memory: 3271  loss: 2.1371  loss_cls: 0.7282  loss_bbox: 0.9372  loss_dfl: 0.4717
05/26 14:51:38 - mmengine - INFO - Epoch(train)  [4][150/456]  lr: 1.0000e-02  eta: 0:13:37  time: 0.2043  data_time: 0.0051  memory: 3271  loss: 2.0966  loss_cls: 0.6961  loss_bbox: 0.9325  loss_dfl: 0.4680
05/26 14:51:40 - mmengine - INFO - Epoch(train)  [4][160/456]  lr: 1.0000e-02  eta: 0:13:35  time: 0.2032  data_time: 0.0051  memory: 3072  loss: 2.0559  loss_cls: 0.6749  loss_bbox: 0.9228  loss_dfl: 0.4582
05/26 14:51:42 - mmengine - INFO - Epoch(train)  [4][170/456]  lr: 1.0000e-02  eta: 0:13:33  time: 0.2023  data_time: 0.0051  memory: 3271  loss: 2.0670  loss_cls: 0.6492  loss_bbox: 0.9516  loss_dfl: 0.4662
05/26 14:51:44 - mmengine - INFO - Epoch(train)  [4][180/456]  lr: 1.0000e-02  eta: 0:13:31  time: 0.2028  data_time: 0.0051  memory: 3271  loss: 2.1226  loss_cls: 0.6510  loss_bbox: 0.9906  loss_dfl: 0.4809
05/26 14:51:46 - mmengine - INFO - Epoch(train)  [4][190/456]  lr: 1.0000e-02  eta: 0:13:28  time: 0.2019  data_time: 0.0052  memory: 3072  loss: 2.1492  loss_cls: 0.6276  loss_bbox: 1.0313  loss_dfl: 0.4903
05/26 14:51:48 - mmengine - INFO - Epoch(train)  [4][200/456]  lr: 1.0000e-02  eta: 0:13:26  time: 0.2019  data_time: 0.0051  memory: 3271  loss: 2.1746  loss_cls: 0.6597  loss_bbox: 1.0255  loss_dfl: 0.4894
05/26 14:51:50 - mmengine - INFO - Epoch(train)  [4][210/456]  lr: 1.0000e-02  eta: 0:13:24  time: 0.2021  data_time: 0.0052  memory: 3271  loss: 2.1628  loss_cls: 0.6474  loss_bbox: 1.0232  loss_dfl: 0.4923
05/26 14:51:52 - mmengine - INFO - Epoch(train)  [4][220/456]  lr: 1.0000e-02  eta: 0:13:22  time: 0.2022  data_time: 0.0051  memory: 3271  loss: 2.1716  loss_cls: 0.6654  loss_bbox: 1.0137  loss_dfl: 0.4924
05/26 14:51:54 - mmengine - INFO - Epoch(train)  [4][230/456]  lr: 1.0000e-02  eta: 0:13:20  time: 0.2034  data_time: 0.0051  memory: 3271  loss: 2.1236  loss_cls: 0.6764  loss_bbox: 0.9715  loss_dfl: 0.4757
05/26 14:51:56 - mmengine - INFO - Epoch(train)  [4][240/456]  lr: 1.0000e-02  eta: 0:13:18  time: 0.2048  data_time: 0.0051  memory: 3271  loss: 2.1154  loss_cls: 0.6883  loss_bbox: 0.9537  loss_dfl: 0.4734
05/26 14:51:58 - mmengine - INFO - Epoch(train)  [4][250/456]  lr: 1.0000e-02  eta: 0:13:16  time: 0.2049  data_time: 0.0052  memory: 3072  loss: 2.0971  loss_cls: 0.6719  loss_bbox: 0.9519  loss_dfl: 0.4734
05/26 14:52:00 - mmengine - INFO - Epoch(train)  [4][260/456]  lr: 1.0000e-02  eta: 0:13:14  time: 0.2059  data_time: 0.0052  memory: 3271  loss: 2.1277  loss_cls: 0.6622  loss_bbox: 0.9823  loss_dfl: 0.4832
05/26 14:52:02 - mmengine - INFO - Epoch(train)  [4][270/456]  lr: 1.0000e-02  eta: 0:13:12  time: 0.2057  data_time: 0.0052  memory: 3271  loss: 2.1219  loss_cls: 0.6906  loss_bbox: 0.9568  loss_dfl: 0.4745
05/26 14:52:04 - mmengine - INFO - Epoch(train)  [4][280/456]  lr: 1.0000e-02  eta: 0:13:09  time: 0.2040  data_time: 0.0052  memory: 3149  loss: 2.1185  loss_cls: 0.6543  loss_bbox: 0.9832  loss_dfl: 0.4811
05/26 14:52:06 - mmengine - INFO - Epoch(train)  [4][290/456]  lr: 1.0000e-02  eta: 0:13:07  time: 0.2035  data_time: 0.0052  memory: 3002  loss: 2.1045  loss_cls: 0.6521  loss_bbox: 0.9750  loss_dfl: 0.4774
05/26 14:52:08 - mmengine - INFO - Epoch(train)  [4][300/456]  lr: 1.0000e-02  eta: 0:13:05  time: 0.2036  data_time: 0.0052  memory: 3003  loss: 2.1134  loss_cls: 0.6770  loss_bbox: 0.9636  loss_dfl: 0.4728
05/26 14:52:10 - mmengine - INFO - Epoch(train)  [4][310/456]  lr: 1.0000e-02  eta: 0:13:03  time: 0.2039  data_time: 0.0051  memory: 3271  loss: 2.0796  loss_cls: 0.7115  loss_bbox: 0.9139  loss_dfl: 0.4543
05/26 14:52:13 - mmengine - INFO - Epoch(train)  [4][320/456]  lr: 1.0000e-02  eta: 0:13:01  time: 0.2060  data_time: 0.0051  memory: 3271  loss: 2.0809  loss_cls: 0.6799  loss_bbox: 0.9394  loss_dfl: 0.4616
05/26 14:52:15 - mmengine - INFO - Epoch(train)  [4][330/456]  lr: 1.0000e-02  eta: 0:12:59  time: 0.2063  data_time: 0.0051  memory: 3149  loss: 2.0779  loss_cls: 0.6964  loss_bbox: 0.9238  loss_dfl: 0.4577
05/26 14:52:17 - mmengine - INFO - Epoch(train)  [4][340/456]  lr: 1.0000e-02  eta: 0:12:57  time: 0.2073  data_time: 0.0051  memory: 3271  loss: 2.0795  loss_cls: 0.7286  loss_bbox: 0.8979  loss_dfl: 0.4530
05/26 14:52:19 - mmengine - INFO - Epoch(train)  [4][350/456]  lr: 1.0000e-02  eta: 0:12:55  time: 0.2089  data_time: 0.0050  memory: 3271  loss: 2.0847  loss_cls: 0.7457  loss_bbox: 0.8867  loss_dfl: 0.4523
05/26 14:52:21 - mmengine - INFO - Epoch(train)  [4][360/456]  lr: 1.0000e-02  eta: 0:12:53  time: 0.2081  data_time: 0.0050  memory: 3271  loss: 2.1329  loss_cls: 0.7347  loss_bbox: 0.9273  loss_dfl: 0.4708
05/26 14:52:23 - mmengine - INFO - Epoch(train)  [4][370/456]  lr: 1.0000e-02  eta: 0:12:51  time: 0.2057  data_time: 0.0050  memory: 3200  loss: 2.1495  loss_cls: 0.7530  loss_bbox: 0.9260  loss_dfl: 0.4705
05/26 14:52:25 - mmengine - INFO - Epoch(train)  [4][380/456]  lr: 1.0000e-02  eta: 0:12:49  time: 0.2063  data_time: 0.0050  memory: 3149  loss: 2.1696  loss_cls: 0.7623  loss_bbox: 0.9353  loss_dfl: 0.4719
05/26 14:52:27 - mmengine - INFO - Epoch(train)  [4][390/456]  lr: 1.0000e-02  eta: 0:12:47  time: 0.2066  data_time: 0.0051  memory: 3271  loss: 2.1976  loss_cls: 0.7549  loss_bbox: 0.9640  loss_dfl: 0.4787
05/26 14:52:29 - mmengine - INFO - Epoch(train)  [4][400/456]  lr: 1.0000e-02  eta: 0:12:45  time: 0.2056  data_time: 0.0051  memory: 3271  loss: 2.1867  loss_cls: 0.7230  loss_bbox: 0.9803  loss_dfl: 0.4833
05/26 14:52:31 - mmengine - INFO - Epoch(train)  [4][410/456]  lr: 1.0000e-02  eta: 0:12:43  time: 0.2080  data_time: 0.0052  memory: 3271  loss: 2.1665  loss_cls: 0.6955  loss_bbox: 0.9866  loss_dfl: 0.4843
05/26 14:52:33 - mmengine - INFO - Epoch(train)  [4][420/456]  lr: 1.0000e-02  eta: 0:12:41  time: 0.2106  data_time: 0.0053  memory: 3271  loss: 2.1197  loss_cls: 0.6922  loss_bbox: 0.9560  loss_dfl: 0.4716
05/26 14:52:35 - mmengine - INFO - Epoch(train)  [4][430/456]  lr: 1.0000e-02  eta: 0:12:39  time: 0.2110  data_time: 0.0052  memory: 3271  loss: 2.1028  loss_cls: 0.6933  loss_bbox: 0.9408  loss_dfl: 0.4688
05/26 14:52:38 - mmengine - INFO - Epoch(train)  [4][440/456]  lr: 1.0000e-02  eta: 0:12:37  time: 0.2109  data_time: 0.0052  memory: 3271  loss: 2.0787  loss_cls: 0.7120  loss_bbox: 0.9072  loss_dfl: 0.4595
05/26 14:52:40 - mmengine - INFO - Epoch(train)  [4][450/456]  lr: 1.0000e-02  eta: 0:12:35  time: 0.2119  data_time: 0.0053  memory: 3271  loss: 2.0636  loss_cls: 0.6951  loss_bbox: 0.9109  loss_dfl: 0.4577
05/26 14:52:41 - mmengine - INFO - Exp name: gfl_r50_fpn_1x_coco_20250526_144607
05/26 14:52:41 - mmengine - INFO - Saving checkpoint at 4 epochs
05/26 14:52:43 - mmengine - INFO - Epoch(val)  [4][10/20]    eta: 0:00:00  time: 0.0834  data_time: 0.0073  memory: 3072  
05/26 14:52:44 - mmengine - INFO - Epoch(val)  [4][20/20]    eta: 0:00:00  time: 0.0821  data_time: 0.0062  memory: 1000  
05/26 14:52:44 - mmengine - INFO - Evaluating bbox...
Loading and preparing results...
DONE (t=0.01s)
creating index...
index created!
Running per image evaluation...
Evaluate annotation type *bbox*
DONE (t=0.26s).
Accumulating evaluation results...
DONE (t=0.25s).
Average Precision  (AP) @[ IoU=0.50:0.95 | area=   all | maxDets=100 ] = 0.002
Average Precision  (AP) @[ IoU=0.50      | area=   all | maxDets=1000 ] = 0.004
Average Precision  (AP) @[ IoU=0.75      | area=   all | maxDets=1000 ] = 0.000
Average Precision  (AP) @[ IoU=0.50:0.95 | area= small | maxDets=1000 ] = 0.000
Average Precision  (AP) @[ IoU=0.50:0.95 | area=medium | maxDets=1000 ] = 0.000
Average Precision  (AP) @[ IoU=0.50:0.95 | area= large | maxDets=1000 ] = 0.006
Average Recall     (AR) @[ IoU=0.50:0.95 | area=   all | maxDets=100 ] = 0.017
Average Recall     (AR) @[ IoU=0.50:0.95 | area=   all | maxDets=300 ] = 0.017
Average Recall     (AR) @[ IoU=0.50:0.95 | area=   all | maxDets=1000 ] = 0.017
Average Recall     (AR) @[ IoU=0.50:0.95 | area= small | maxDets=1000 ] = 0.000
Average Recall     (AR) @[ IoU=0.50:0.95 | area=medium | maxDets=1000 ] = 0.004
Average Recall     (AR) @[ IoU=0.50:0.95 | area= large | maxDets=1000 ] = 0.074
05/26 14:52:44 - mmengine - INFO - bbox_mAP_copypaste: 0.002 0.004 0.000 0.000 0.000 0.006
05/26 14:52:44 - mmengine - INFO - Epoch(val) [4][20/20]    coco/bbox_mAP: 0.0020  coco/bbox_mAP_50: 0.0040  coco/bbox_mAP_75: 0.0000  coco/bbox_mAP_s: 0.0000  coco/bbox_mAP_m: 0.0000  coco/bbox_mAP_l: 0.0060  data_time: 0.0066  time: 0.0805
05/26 14:52:46 - mmengine - INFO - Epoch(train)  [5][ 10/456]  lr: 1.0000e-02  eta: 0:12:31  time: 0.2085  data_time: 0.0061  memory: 3271  loss: 2.0494  loss_cls: 0.6892  loss_bbox: 0.9056  loss_dfl: 0.4546
05/26 14:52:48 - mmengine - INFO - Epoch(train)  [5][ 20/456]  lr: 1.0000e-02  eta: 0:12:29  time: 0.2077  data_time: 0.0059  memory: 3003  loss: 2.0440  loss_cls: 0.6969  loss_bbox: 0.8945  loss_dfl: 0.4526
05/26 14:52:51 - mmengine - INFO - Epoch(train)  [5][ 30/456]  lr: 1.0000e-02  eta: 0:12:27  time: 0.2068  data_time: 0.0059  memory: 3149  loss: 2.0391  loss_cls: 0.7069  loss_bbox: 0.8827  loss_dfl: 0.4495
05/26 14:52:53 - mmengine - INFO - Epoch(train)  [5][ 40/456]  lr: 1.0000e-02  eta: 0:12:25  time: 0.2054  data_time: 0.0059  memory: 3003  loss: 2.0457  loss_cls: 0.6870  loss_bbox: 0.9047  loss_dfl: 0.4540
05/26 14:52:55 - mmengine - INFO - Epoch(train)  [5][ 50/456]  lr: 1.0000e-02  eta: 0:12:23  time: 0.2057  data_time: 0.0059  memory: 3072  loss: 2.0669  loss_cls: 0.7034  loss_bbox: 0.9064  loss_dfl: 0.4570
05/26 14:52:57 - mmengine - INFO - Epoch(train)  [5][ 60/456]  lr: 1.0000e-02  eta: 0:12:21  time: 0.2058  data_time: 0.0050  memory: 3271  loss: 2.0620  loss_cls: 0.7051  loss_bbox: 0.9017  loss_dfl: 0.4552
05/26 14:52:59 - mmengine - INFO - Epoch(train)  [5][ 70/456]  lr: 1.0000e-02  eta: 0:12:19  time: 0.2070  data_time: 0.0050  memory: 3003  loss: 2.0536  loss_cls: 0.6775  loss_bbox: 0.9177  loss_dfl: 0.4584
05/26 14:53:01 - mmengine - INFO - Epoch(train)  [5][ 80/456]  lr: 1.0000e-02  eta: 0:12:17  time: 0.2064  data_time: 0.0050  memory: 3271  loss: 2.0449  loss_cls: 0.6868  loss_bbox: 0.9053  loss_dfl: 0.4527
05/26 14:53:03 - mmengine - INFO - Epoch(train)  [5][ 90/456]  lr: 1.0000e-02  eta: 0:12:15  time: 0.2075  data_time: 0.0051  memory: 3271  loss: 2.0562  loss_cls: 0.6965  loss_bbox: 0.9070  loss_dfl: 0.4528
05/26 14:53:05 - mmengine - INFO - Epoch(train)  [5][100/456]  lr: 1.0000e-02  eta: 0:12:13  time: 0.2068  data_time: 0.0051  memory: 3002  loss: 2.0735  loss_cls: 0.7222  loss_bbox: 0.8985  loss_dfl: 0.4528
05/26 14:53:07 - mmengine - INFO - Epoch(train)  [5][110/456]  lr: 1.0000e-02  eta: 0:12:11  time: 0.2068  data_time: 0.0051  memory: 3271  loss: 2.0662  loss_cls: 0.7066  loss_bbox: 0.9075  loss_dfl: 0.4521
05/26 14:53:09 - mmengine - INFO - Epoch(train)  [5][120/456]  lr: 1.0000e-02  eta: 0:12:09  time: 0.2070  data_time: 0.0052  memory: 3072  loss: 2.0650  loss_cls: 0.6995  loss_bbox: 0.9119  loss_dfl: 0.4535
05/26 14:53:11 - mmengine - INFO - Epoch(train)  [5][130/456]  lr: 1.0000e-02  eta: 0:12:07  time: 0.2090  data_time: 0.0053  memory: 3271  loss: 2.0712  loss_cls: 0.6729  loss_bbox: 0.9350  loss_dfl: 0.4633
05/26 14:53:13 - mmengine - INFO - Epoch(train)  [5][140/456]  lr: 1.0000e-02  eta: 0:12:05  time: 0.2088  data_time: 0.0052  memory: 3271  loss: 2.0701  loss_cls: 0.6862  loss_bbox: 0.9203  loss_dfl: 0.4636
05/26 14:53:16 - mmengine - INFO - Epoch(train)  [5][150/456]  lr: 1.0000e-02  eta: 0:12:03  time: 0.2106  data_time: 0.0052  memory: 3271  loss: 2.0588  loss_cls: 0.6827  loss_bbox: 0.9170  loss_dfl: 0.4591
05/26 14:53:18 - mmengine - INFO - Epoch(train)  [5][160/456]  lr: 1.0000e-02  eta: 0:12:01  time: 0.2097  data_time: 0.0052  memory: 3003  loss: 2.0545  loss_cls: 0.7188  loss_bbox: 0.8852  loss_dfl: 0.4505
05/26 14:53:20 - mmengine - INFO - Epoch(train)  [5][170/456]  lr: 1.0000e-02  eta: 0:11:59  time: 0.2104  data_time: 0.0052  memory: 3271  loss: 2.0590  loss_cls: 0.7164  loss_bbox: 0.8904  loss_dfl: 0.4522
05/26 14:53:21 - mmengine - INFO - Exp name: gfl_r50_fpn_1x_coco_20250526_144607
05/26 14:53:22 - mmengine - INFO - Epoch(train)  [5][180/456]  lr: 1.0000e-02  eta: 0:11:57  time: 0.2094  data_time: 0.0052  memory: 3200  loss: 2.0738  loss_cls: 0.6956  loss_bbox: 0.9171  loss_dfl: 0.4611
05/26 14:53:24 - mmengine - INFO - Epoch(train)  [5][190/456]  lr: 1.0000e-02  eta: 0:11:55  time: 0.2096  data_time: 0.0051  memory: 3271  loss: 2.0640  loss_cls: 0.6665  loss_bbox: 0.9316  loss_dfl: 0.4659
05/26 14:53:26 - mmengine - INFO - Epoch(train)  [5][200/456]  lr: 1.0000e-02  eta: 0:11:53  time: 0.2092  data_time: 0.0051  memory: 3271  loss: 2.0555  loss_cls: 0.6775  loss_bbox: 0.9159  loss_dfl: 0.4621
05/26 14:53:28 - mmengine - INFO - Epoch(train)  [5][210/456]  lr: 1.0000e-02  eta: 0:11:50  time: 0.2089  data_time: 0.0051  memory: 3003  loss: 2.0630  loss_cls: 0.6760  loss_bbox: 0.9230  loss_dfl: 0.4640
05/26 14:53:30 - mmengine - INFO - Epoch(train)  [5][220/456]  lr: 1.0000e-02  eta: 0:11:48  time: 0.2084  data_time: 0.0050  memory: 3271  loss: 2.1041  loss_cls: 0.7078  loss_bbox: 0.9275  loss_dfl: 0.4687
05/26 14:53:32 - mmengine - INFO - Epoch(train)  [5][230/456]  lr: 1.0000e-02  eta: 0:11:46  time: 0.2086  data_time: 0.0051  memory: 3271  loss: 2.0907  loss_cls: 0.7395  loss_bbox: 0.8956  loss_dfl: 0.4556
05/26 14:53:34 - mmengine - INFO - Epoch(train)  [5][240/456]  lr: 1.0000e-02  eta: 0:11:44  time: 0.2089  data_time: 0.0051  memory: 3271  loss: 2.0856  loss_cls: 0.7536  loss_bbox: 0.8819  loss_dfl: 0.4501
05/26 14:53:36 - mmengine - INFO - Epoch(train)  [5][250/456]  lr: 1.0000e-02  eta: 0:11:42  time: 0.2085  data_time: 0.0051  memory: 3271  loss: 2.0857  loss_cls: 0.7296  loss_bbox: 0.9009  loss_dfl: 0.4552
05/26 14:53:39 - mmengine - INFO - Epoch(train)  [5][260/456]  lr: 1.0000e-02  eta: 0:11:40  time: 0.2095  data_time: 0.0051  memory: 3271  loss: 2.0733  loss_cls: 0.7104  loss_bbox: 0.9059  loss_dfl: 0.4570
05/26 14:53:41 - mmengine - INFO - Epoch(train)  [5][270/456]  lr: 1.0000e-02  eta: 0:11:38  time: 0.2107  data_time: 0.0051  memory: 3271  loss: 2.0609  loss_cls: 0.6976  loss_bbox: 0.9066  loss_dfl: 0.4567
05/26 14:53:43 - mmengine - INFO - Epoch(train)  [5][280/456]  lr: 1.0000e-02  eta: 0:11:36  time: 0.2105  data_time: 0.0050  memory: 3271  loss: 2.0655  loss_cls: 0.6806  loss_bbox: 0.9210  loss_dfl: 0.4639
05/26 14:53:45 - mmengine - INFO - Epoch(train)  [5][290/456]  lr: 1.0000e-02  eta: 0:11:34  time: 0.2103  data_time: 0.0050  memory: 3003  loss: 2.0789  loss_cls: 0.6549  loss_bbox: 0.9512  loss_dfl: 0.4728
05/26 14:53:47 - mmengine - INFO - Epoch(train)  [5][300/456]  lr: 1.0000e-02  eta: 0:11:32  time: 0.2113  data_time: 0.0050  memory: 3271  loss: 2.0983  loss_cls: 0.6658  loss_bbox: 0.9600  loss_dfl: 0.4725
05/26 14:53:49 - mmengine - INFO - Epoch(train)  [5][310/456]  lr: 1.0000e-02  eta: 0:11:30  time: 0.2119  data_time: 0.0050  memory: 3271  loss: 2.1029  loss_cls: 0.6512  loss_bbox: 0.9747  loss_dfl: 0.4770
05/26 14:53:51 - mmengine - INFO - Epoch(train)  [5][320/456]  lr: 1.0000e-02  eta: 0:11:28  time: 0.2115  data_time: 0.0050  memory: 3271  loss: 2.0623  loss_cls: 0.6360  loss_bbox: 0.9571  loss_dfl: 0.4692
05/26 14:53:53 - mmengine - INFO - Epoch(train)  [5][330/456]  lr: 1.0000e-02  eta: 0:11:26  time: 0.2120  data_time: 0.0050  memory: 3271  loss: 2.0567  loss_cls: 0.6250  loss_bbox: 0.9650  loss_dfl: 0.4667
05/26 14:53:56 - mmengine - INFO - Epoch(train)  [5][340/456]  lr: 1.0000e-02  eta: 0:11:25  time: 0.2137  data_time: 0.0050  memory: 3271  loss: 2.0541  loss_cls: 0.6710  loss_bbox: 0.9286  loss_dfl: 0.4544
05/26 14:53:58 - mmengine - INFO - Epoch(train)  [5][350/456]  lr: 1.0000e-02  eta: 0:11:22  time: 0.2131  data_time: 0.0050  memory: 3271  loss: 2.0456  loss_cls: 0.6551  loss_bbox: 0.9317  loss_dfl: 0.4588
05/26 14:54:00 - mmengine - INFO - Epoch(train)  [5][360/456]  lr: 1.0000e-02  eta: 0:11:21  time: 0.2138  data_time: 0.0050  memory: 3271  loss: 2.0454  loss_cls: 0.6780  loss_bbox: 0.9127  loss_dfl: 0.4548
05/26 14:54:02 - mmengine - INFO - Epoch(train)  [5][370/456]  lr: 1.0000e-02  eta: 0:11:19  time: 0.2134  data_time: 0.0050  memory: 3271  loss: 2.0589  loss_cls: 0.7027  loss_bbox: 0.9031  loss_dfl: 0.4531
05/26 14:54:04 - mmengine - INFO - Epoch(train)  [5][380/456]  lr: 1.0000e-02  eta: 0:11:17  time: 0.2134  data_time: 0.0050  memory: 3271  loss: 2.0669  loss_cls: 0.7385  loss_bbox: 0.8810  loss_dfl: 0.4474
05/26 14:54:06 - mmengine - INFO - Epoch(train)  [5][390/456]  lr: 1.0000e-02  eta: 0:11:15  time: 0.2118  data_time: 0.0050  memory: 3271  loss: 2.0466  loss_cls: 0.7310  loss_bbox: 0.8701  loss_dfl: 0.4455
05/26 14:54:08 - mmengine - INFO - Epoch(train)  [5][400/456]  lr: 1.0000e-02  eta: 0:11:12  time: 0.2114  data_time: 0.0050  memory: 3271  loss: 2.0366  loss_cls: 0.7641  loss_bbox: 0.8378  loss_dfl: 0.4347
05/26 14:54:10 - mmengine - INFO - Epoch(train)  [5][410/456]  lr: 1.0000e-02  eta: 0:11:10  time: 0.2095  data_time: 0.0050  memory: 3271  loss: 2.0577  loss_cls: 0.7957  loss_bbox: 0.8293  loss_dfl: 0.4327
05/26 14:54:12 - mmengine - INFO - Epoch(train)  [5][420/456]  lr: 1.0000e-02  eta: 0:11:08  time: 0.2076  data_time: 0.0050  memory: 3271  loss: 2.0735  loss_cls: 0.7899  loss_bbox: 0.8452  loss_dfl: 0.4384
05/26 14:54:14 - mmengine - INFO - Epoch(train)  [5][430/456]  lr: 1.0000e-02  eta: 0:11:06  time: 0.2071  data_time: 0.0050  memory: 3271  loss: 2.0726  loss_cls: 0.7626  loss_bbox: 0.8634  loss_dfl: 0.4467
05/26 14:54:16 - mmengine - INFO - Epoch(train)  [5][440/456]  lr: 1.0000e-02  eta: 0:11:04  time: 0.2063  data_time: 0.0049  memory: 3003  loss: 2.1099  loss_cls: 0.7762  loss_bbox: 0.8810  loss_dfl: 0.4527
05/26 14:54:18 - mmengine - INFO - Epoch(train)  [5][450/456]  lr: 1.0000e-02  eta: 0:11:02  time: 0.2051  data_time: 0.0050  memory: 3072  loss: 2.1001  loss_cls: 0.7498  loss_bbox: 0.8934  loss_dfl: 0.4569
05/26 14:54:20 - mmengine - INFO - Exp name: gfl_r50_fpn_1x_coco_20250526_144607
05/26 14:54:20 - mmengine - INFO - Saving checkpoint at 5 epochs
05/26 14:54:22 - mmengine - INFO - Epoch(val)  [5][10/20]    eta: 0:00:00  time: 0.0835  data_time: 0.0076  memory: 3271  
05/26 14:54:23 - mmengine - INFO - Epoch(val)  [5][20/20]    eta: 0:00:00  time: 0.0822  data_time: 0.0064  memory: 1000  
05/26 14:54:23 - mmengine - INFO - Evaluating bbox...
Loading and preparing results...
DONE (t=0.01s)
creating index...
index created!
Running per image evaluation...
Evaluate annotation type *bbox*
DONE (t=0.27s).
Accumulating evaluation results...
DONE (t=0.27s).
Average Precision  (AP) @[ IoU=0.50:0.95 | area=   all | maxDets=100 ] = 0.003
Average Precision  (AP) @[ IoU=0.50      | area=   all | maxDets=1000 ] = 0.005
Average Precision  (AP) @[ IoU=0.75      | area=   all | maxDets=1000 ] = 0.003
Average Precision  (AP) @[ IoU=0.50:0.95 | area= small | maxDets=1000 ] = 0.000
Average Precision  (AP) @[ IoU=0.50:0.95 | area=medium | maxDets=1000 ] = 0.000
Average Precision  (AP) @[ IoU=0.50:0.95 | area= large | maxDets=1000 ] = 0.009
Average Recall     (AR) @[ IoU=0.50:0.95 | area=   all | maxDets=100 ] = 0.026
Average Recall     (AR) @[ IoU=0.50:0.95 | area=   all | maxDets=300 ] = 0.026
Average Recall     (AR) @[ IoU=0.50:0.95 | area=   all | maxDets=1000 ] = 0.026
Average Recall     (AR) @[ IoU=0.50:0.95 | area= small | maxDets=1000 ] = 0.000
Average Recall     (AR) @[ IoU=0.50:0.95 | area=medium | maxDets=1000 ] = 0.007
Average Recall     (AR) @[ IoU=0.50:0.95 | area= large | maxDets=1000 ] = 0.112
05/26 14:54:23 - mmengine - INFO - bbox_mAP_copypaste: 0.003 0.005 0.003 0.000 0.000 0.009
05/26 14:54:23 - mmengine - INFO - Epoch(val) [5][20/20]    coco/bbox_mAP: 0.0030  coco/bbox_mAP_50: 0.0050  coco/bbox_mAP_75: 0.0030  coco/bbox_mAP_s: 0.0000  coco/bbox_mAP_m: 0.0000  coco/bbox_mAP_l: 0.0090  data_time: 0.0070  time: 0.0813
05/26 14:54:25 - mmengine - INFO - Epoch(train)  [6][ 10/456]  lr: 1.0000e-02  eta: 0:10:59  time: 0.2075  data_time: 0.0061  memory: 3271  loss: 2.0949  loss_cls: 0.7518  loss_bbox: 0.8935  loss_dfl: 0.4496
05/26 14:54:27 - mmengine - INFO - Epoch(train)  [6][ 20/456]  lr: 1.0000e-02  eta: 0:10:57  time: 0.2077  data_time: 0.0061  memory: 3271  loss: 2.0825  loss_cls: 0.7688  loss_bbox: 0.8690  loss_dfl: 0.4447
05/26 14:54:30 - mmengine - INFO - Epoch(train)  [6][ 30/456]  lr: 1.0000e-02  eta: 0:10:55  time: 0.2107  data_time: 0.0061  memory: 3271  loss: 2.0641  loss_cls: 0.7567  loss_bbox: 0.8650  loss_dfl: 0.4424
05/26 14:54:32 - mmengine - INFO - Epoch(train)  [6][ 40/456]  lr: 1.0000e-02  eta: 0:10:53  time: 0.2120  data_time: 0.0061  memory: 3003  loss: 2.0644  loss_cls: 0.7552  loss_bbox: 0.8663  loss_dfl: 0.4429
05/26 14:54:34 - mmengine - INFO - Epoch(train)  [6][ 50/456]  lr: 1.0000e-02  eta: 0:10:51  time: 0.2104  data_time: 0.0061  memory: 3072  loss: 2.0485  loss_cls: 0.7295  loss_bbox: 0.8726  loss_dfl: 0.4464
05/26 14:54:36 - mmengine - INFO - Epoch(train)  [6][ 60/456]  lr: 1.0000e-02  eta: 0:10:49  time: 0.2106  data_time: 0.0050  memory: 3271  loss: 2.0902  loss_cls: 0.7538  loss_bbox: 0.8831  loss_dfl: 0.4533
05/26 14:54:38 - mmengine - INFO - Epoch(train)  [6][ 70/456]  lr: 1.0000e-02  eta: 0:10:47  time: 0.2104  data_time: 0.0049  memory: 3271  loss: 2.1326  loss_cls: 0.7543  loss_bbox: 0.9135  loss_dfl: 0.4648
05/26 14:54:40 - mmengine - INFO - Epoch(train)  [6][ 80/456]  lr: 1.0000e-02  eta: 0:10:44  time: 0.2079  data_time: 0.0050  memory: 3271  loss: 2.1315  loss_cls: 0.7477  loss_bbox: 0.9187  loss_dfl: 0.4651
05/26 14:54:42 - mmengine - INFO - Epoch(train)  [6][ 90/456]  lr: 1.0000e-02  eta: 0:10:42  time: 0.2070  data_time: 0.0050  memory: 3271  loss: 2.1232  loss_cls: 0.7617  loss_bbox: 0.9013  loss_dfl: 0.4602
05/26 14:54:44 - mmengine - INFO - Epoch(train)  [6][100/456]  lr: 1.0000e-02  eta: 0:10:40  time: 0.2089  data_time: 0.0050  memory: 3200  loss: 2.0957  loss_cls: 0.7230  loss_bbox: 0.9122  loss_dfl: 0.4604
05/26 14:54:46 - mmengine - INFO - Epoch(train)  [6][110/456]  lr: 1.0000e-02  eta: 0:10:38  time: 0.2061  data_time: 0.0050  memory: 3002  loss: 2.0839  loss_cls: 0.7436  loss_bbox: 0.8879  loss_dfl: 0.4524
05/26 14:54:48 - mmengine - INFO - Epoch(train)  [6][120/456]  lr: 1.0000e-02  eta: 0:10:36  time: 0.2047  data_time: 0.0049  memory: 3271  loss: 2.0440  loss_cls: 0.7353  loss_bbox: 0.8687  loss_dfl: 0.4400
05/26 14:54:50 - mmengine - INFO - Epoch(train)  [6][130/456]  lr: 1.0000e-02  eta: 0:10:34  time: 0.2041  data_time: 0.0049  memory: 3271  loss: 2.0562  loss_cls: 0.7489  loss_bbox: 0.8669  loss_dfl: 0.4405
05/26 14:54:52 - mmengine - INFO - Epoch(train)  [6][140/456]  lr: 1.0000e-02  eta: 0:10:32  time: 0.2038  data_time: 0.0049  memory: 3271  loss: 2.0508  loss_cls: 0.7246  loss_bbox: 0.8832  loss_dfl: 0.4430
05/26 14:54:54 - mmengine - INFO - Epoch(train)  [6][150/456]  lr: 1.0000e-02  eta: 0:10:30  time: 0.2034  data_time: 0.0049  memory: 3271  loss: 2.0528  loss_cls: 0.7306  loss_bbox: 0.8781  loss_dfl: 0.4441
05/26 14:54:56 - mmengine - INFO - Epoch(train)  [6][160/456]  lr: 1.0000e-02  eta: 0:10:28  time: 0.2026  data_time: 0.0049  memory: 3165  loss: 2.0745  loss_cls: 0.7167  loss_bbox: 0.9075  loss_dfl: 0.4503
05/26 14:54:58 - mmengine - INFO - Epoch(train)  [6][170/456]  lr: 1.0000e-02  eta: 0:10:25  time: 0.2039  data_time: 0.0050  memory: 3271  loss: 2.1085  loss_cls: 0.7171  loss_bbox: 0.9323  loss_dfl: 0.4591
05/26 14:55:00 - mmengine - INFO - Epoch(train)  [6][180/456]  lr: 1.0000e-02  eta: 0:10:23  time: 0.2039  data_time: 0.0051  memory: 3271  loss: 2.1294  loss_cls: 0.7486  loss_bbox: 0.9272  loss_dfl: 0.4537
05/26 14:55:02 - mmengine - INFO - Epoch(train)  [6][190/456]  lr: 1.0000e-02  eta: 0:10:21  time: 0.2014  data_time: 0.0052  memory: 3271  loss: 2.1635  loss_cls: 0.7670  loss_bbox: 0.9378  loss_dfl: 0.4586
05/26 14:55:04 - mmengine - INFO - Epoch(train)  [6][200/456]  lr: 1.0000e-02  eta: 0:10:19  time: 0.2019  data_time: 0.0052  memory: 3271  loss: 2.1965  loss_cls: 0.7956  loss_bbox: 0.9408  loss_dfl: 0.4601
05/26 14:55:07 - mmengine - INFO - Epoch(train)  [6][210/456]  lr: 1.0000e-02  eta: 0:10:17  time: 0.2050  data_time: 0.0051  memory: 3271  loss: 2.1811  loss_cls: 0.8024  loss_bbox: 0.9212  loss_dfl: 0.4576
05/26 14:55:09 - mmengine - INFO - Epoch(train)  [6][220/456]  lr: 1.0000e-02  eta: 0:10:15  time: 0.2046  data_time: 0.0051  memory: 3003  loss: 2.1541  loss_cls: 0.8060  loss_bbox: 0.8967  loss_dfl: 0.4514
05/26 14:55:11 - mmengine - INFO - Epoch(train)  [6][230/456]  lr: 1.0000e-02  eta: 0:10:13  time: 0.2064  data_time: 0.0051  memory: 3271  loss: 2.1218  loss_cls: 0.7511  loss_bbox: 0.9120  loss_dfl: 0.4587
05/26 14:55:13 - mmengine - INFO - Epoch(train)  [6][240/456]  lr: 1.0000e-02  eta: 0:10:11  time: 0.2108  data_time: 0.0050  memory: 3271  loss: 2.1005  loss_cls: 0.7383  loss_bbox: 0.9038  loss_dfl: 0.4584
05/26 14:55:15 - mmengine - INFO - Epoch(train)  [6][250/456]  lr: 1.0000e-02  eta: 0:10:09  time: 0.2105  data_time: 0.0051  memory: 3271  loss: 2.0878  loss_cls: 0.7315  loss_bbox: 0.8998  loss_dfl: 0.4564
05/26 14:55:17 - mmengine - INFO - Epoch(train)  [6][260/456]  lr: 1.0000e-02  eta: 0:10:07  time: 0.2088  data_time: 0.0051  memory: 3271  loss: 2.1005  loss_cls: 0.7296  loss_bbox: 0.9111  loss_dfl: 0.4599
05/26 14:55:19 - mmengine - INFO - Epoch(train)  [6][270/456]  lr: 1.0000e-02  eta: 0:10:05  time: 0.2085  data_time: 0.0051  memory: 3003  loss: 2.0717  loss_cls: 0.7155  loss_bbox: 0.9026  loss_dfl: 0.4536
05/26 14:55:21 - mmengine - INFO - Epoch(train)  [6][280/456]  lr: 1.0000e-02  eta: 0:10:03  time: 0.2073  data_time: 0.0051  memory: 3002  loss: 2.0450  loss_cls: 0.7232  loss_bbox: 0.8788  loss_dfl: 0.4431
05/26 14:55:23 - mmengine - INFO - Epoch(train)  [6][290/456]  lr: 1.0000e-02  eta: 0:10:01  time: 0.2068  data_time: 0.0051  memory: 3149  loss: 2.0881  loss_cls: 0.7667  loss_bbox: 0.8803  loss_dfl: 0.4410
05/26 14:55:25 - mmengine - INFO - Epoch(train)  [6][300/456]  lr: 1.0000e-02  eta: 0:09:58  time: 0.2070  data_time: 0.0050  memory: 3271  loss: 2.0754  loss_cls: 0.7571  loss_bbox: 0.8777  loss_dfl: 0.4405
05/26 14:55:27 - mmengine - INFO - Epoch(train)  [6][310/456]  lr: 1.0000e-02  eta: 0:09:56  time: 0.2081  data_time: 0.0051  memory: 3271  loss: 2.0223  loss_cls: 0.7200  loss_bbox: 0.8668  loss_dfl: 0.4355
05/26 14:55:30 - mmengine - INFO - Epoch(train)  [6][320/456]  lr: 1.0000e-02  eta: 0:09:54  time: 0.2092  data_time: 0.0051  memory: 3271  loss: 2.0480  loss_cls: 0.7346  loss_bbox: 0.8730  loss_dfl: 0.4405
05/26 14:55:32 - mmengine - INFO - Epoch(train)  [6][330/456]  lr: 1.0000e-02  eta: 0:09:52  time: 0.2085  data_time: 0.0051  memory: 3149  loss: 2.0755  loss_cls: 0.7563  loss_bbox: 0.8745  loss_dfl: 0.4447
05/26 14:55:34 - mmengine - INFO - Epoch(train)  [6][340/456]  lr: 1.0000e-02  eta: 0:09:50  time: 0.2082  data_time: 0.0051  memory: 3149  loss: 2.0249  loss_cls: 0.7290  loss_bbox: 0.8558  loss_dfl: 0.4400
05/26 14:55:36 - mmengine - INFO - Epoch(train)  [6][350/456]  lr: 1.0000e-02  eta: 0:09:48  time: 0.2076  data_time: 0.0051  memory: 3003  loss: 2.0377  loss_cls: 0.7392  loss_bbox: 0.8586  loss_dfl: 0.4398
05/26 14:55:38 - mmengine - INFO - Epoch(train)  [6][360/456]  lr: 1.0000e-02  eta: 0:09:46  time: 0.2062  data_time: 0.0051  memory: 3149  loss: 2.0673  loss_cls: 0.7520  loss_bbox: 0.8694  loss_dfl: 0.4459
05/26 14:55:40 - mmengine - INFO - Epoch(train)  [6][370/456]  lr: 1.0000e-02  eta: 0:09:44  time: 0.2074  data_time: 0.0051  memory: 3271  loss: 2.0528  loss_cls: 0.7613  loss_bbox: 0.8534  loss_dfl: 0.4382
05/26 14:55:42 - mmengine - INFO - Epoch(train)  [6][380/456]  lr: 1.0000e-02  eta: 0:09:42  time: 0.2084  data_time: 0.0051  memory: 3271  loss: 2.0254  loss_cls: 0.7297  loss_bbox: 0.8557  loss_dfl: 0.4399
05/26 14:55:44 - mmengine - INFO - Epoch(train)  [6][390/456]  lr: 1.0000e-02  eta: 0:09:40  time: 0.2087  data_time: 0.0051  memory: 3271  loss: 2.0251  loss_cls: 0.7157  loss_bbox: 0.8646  loss_dfl: 0.4449
05/26 14:55:46 - mmengine - INFO - Epoch(train)  [6][400/456]  lr: 1.0000e-02  eta: 0:09:38  time: 0.2103  data_time: 0.0052  memory: 3271  loss: 2.0103  loss_cls: 0.7058  loss_bbox: 0.8613  loss_dfl: 0.4431
05/26 14:55:48 - mmengine - INFO - Epoch(train)  [6][410/456]  lr: 1.0000e-02  eta: 0:09:36  time: 0.2110  data_time: 0.0051  memory: 3072  loss: 1.9962  loss_cls: 0.7000  loss_bbox: 0.8561  loss_dfl: 0.4401
05/26 14:55:50 - mmengine - INFO - Epoch(train)  [6][420/456]  lr: 1.0000e-02  eta: 0:09:34  time: 0.2108  data_time: 0.0051  memory: 3271  loss: 2.0097  loss_cls: 0.6750  loss_bbox: 0.8853  loss_dfl: 0.4493
05/26 14:55:53 - mmengine - INFO - Epoch(train)  [6][430/456]  lr: 1.0000e-02  eta: 0:09:32  time: 0.2110  data_time: 0.0051  memory: 3002  loss: 2.0332  loss_cls: 0.6787  loss_bbox: 0.9016  loss_dfl: 0.4529
05/26 14:55:55 - mmengine - INFO - Epoch(train)  [6][440/456]  lr: 1.0000e-02  eta: 0:09:30  time: 0.2108  data_time: 0.0051  memory: 3271  loss: 2.0329  loss_cls: 0.6824  loss_bbox: 0.9010  loss_dfl: 0.4495
05/26 14:55:57 - mmengine - INFO - Epoch(train)  [6][450/456]  lr: 1.0000e-02  eta: 0:09:28  time: 0.2108  data_time: 0.0052  memory: 3271  loss: 2.0381  loss_cls: 0.6604  loss_bbox: 0.9195  loss_dfl: 0.4582
05/26 14:55:58 - mmengine - INFO - Exp name: gfl_r50_fpn_1x_coco_20250526_144607
05/26 14:55:58 - mmengine - INFO - Saving checkpoint at 6 epochs
05/26 14:56:00 - mmengine - INFO - Epoch(val)  [6][10/20]    eta: 0:00:00  time: 0.0842  data_time: 0.0077  memory: 3002  
05/26 14:56:01 - mmengine - INFO - Epoch(val)  [6][20/20]    eta: 0:00:00  time: 0.0835  data_time: 0.0065  memory: 1000  
05/26 14:56:01 - mmengine - INFO - Evaluating bbox...
Loading and preparing results...
DONE (t=0.01s)
creating index...
index created!
Running per image evaluation...
Evaluate annotation type *bbox*
DONE (t=0.27s).
Accumulating evaluation results...
DONE (t=0.27s).
Average Precision  (AP) @[ IoU=0.50:0.95 | area=   all | maxDets=100 ] = 0.004
Average Precision  (AP) @[ IoU=0.50      | area=   all | maxDets=1000 ] = 0.006
Average Precision  (AP) @[ IoU=0.75      | area=   all | maxDets=1000 ] = 0.006
Average Precision  (AP) @[ IoU=0.50:0.95 | area= small | maxDets=1000 ] = 0.000
Average Precision  (AP) @[ IoU=0.50:0.95 | area=medium | maxDets=1000 ] = 0.000
Average Precision  (AP) @[ IoU=0.50:0.95 | area= large | maxDets=1000 ] = 0.015
Average Recall     (AR) @[ IoU=0.50:0.95 | area=   all | maxDets=100 ] = 0.017
Average Recall     (AR) @[ IoU=0.50:0.95 | area=   all | maxDets=300 ] = 0.017
Average Recall     (AR) @[ IoU=0.50:0.95 | area=   all | maxDets=1000 ] = 0.017
Average Recall     (AR) @[ IoU=0.50:0.95 | area= small | maxDets=1000 ] = 0.000
Average Recall     (AR) @[ IoU=0.50:0.95 | area=medium | maxDets=1000 ] = 0.007
Average Recall     (AR) @[ IoU=0.50:0.95 | area= large | maxDets=1000 ] = 0.091
05/26 14:56:02 - mmengine - INFO - bbox_mAP_copypaste: 0.004 0.006 0.006 0.000 0.000 0.015
05/26 14:56:02 - mmengine - INFO - Epoch(val) [6][20/20]    coco/bbox_mAP: 0.0040  coco/bbox_mAP_50: 0.0060  coco/bbox_mAP_75: 0.0060  coco/bbox_mAP_s: 0.0000  coco/bbox_mAP_m: 0.0000  coco/bbox_mAP_l: 0.0150  data_time: 0.0070  time: 0.0838
05/26 14:56:04 - mmengine - INFO - Epoch(train)  [7][ 10/456]  lr: 1.0000e-02  eta: 0:09:25  time: 0.2108  data_time: 0.0062  memory: 3271  loss: 2.0607  loss_cls: 0.7250  loss_bbox: 0.8889  loss_dfl: 0.4468
05/26 14:56:06 - mmengine - INFO - Epoch(train)  [7][ 20/456]  lr: 1.0000e-02  eta: 0:09:22  time: 0.2093  data_time: 0.0062  memory: 3149  loss: 2.0566  loss_cls: 0.7330  loss_bbox: 0.8789  loss_dfl: 0.4447
05/26 14:56:08 - mmengine - INFO - Epoch(train)  [7][ 30/456]  lr: 1.0000e-02  eta: 0:09:20  time: 0.2096  data_time: 0.0061  memory: 3271  loss: 2.0314  loss_cls: 0.7249  loss_bbox: 0.8675  loss_dfl: 0.4390
05/26 14:56:10 - mmengine - INFO - Epoch(train)  [7][ 40/456]  lr: 1.0000e-02  eta: 0:09:18  time: 0.2103  data_time: 0.0061  memory: 3271  loss: 2.0297  loss_cls: 0.7422  loss_bbox: 0.8528  loss_dfl: 0.4348
05/26 14:56:12 - mmengine - INFO - Epoch(train)  [7][ 50/456]  lr: 1.0000e-02  eta: 0:09:16  time: 0.2118  data_time: 0.0061  memory: 3072  loss: 2.0404  loss_cls: 0.7397  loss_bbox: 0.8646  loss_dfl: 0.4361
05/26 14:56:14 - mmengine - INFO - Epoch(train)  [7][ 60/456]  lr: 1.0000e-02  eta: 0:09:14  time: 0.2099  data_time: 0.0051  memory: 3271  loss: 2.0344  loss_cls: 0.7335  loss_bbox: 0.8620  loss_dfl: 0.4389
05/26 14:56:16 - mmengine - INFO - Epoch(train)  [7][ 70/456]  lr: 1.0000e-02  eta: 0:09:12  time: 0.2113  data_time: 0.0051  memory: 3271  loss: 2.0247  loss_cls: 0.7226  loss_bbox: 0.8658  loss_dfl: 0.4363
05/26 14:56:19 - mmengine - INFO - Epoch(train)  [7][ 80/456]  lr: 1.0000e-02  eta: 0:09:10  time: 0.2124  data_time: 0.0052  memory: 3271  loss: 2.0606  loss_cls: 0.7425  loss_bbox: 0.8723  loss_dfl: 0.4459
05/26 14:56:21 - mmengine - INFO - Epoch(train)  [7][ 90/456]  lr: 1.0000e-02  eta: 0:09:08  time: 0.2121  data_time: 0.0053  memory: 3271  loss: 2.0510  loss_cls: 0.6994  loss_bbox: 0.9008  loss_dfl: 0.4508
05/26 14:56:23 - mmengine - INFO - Epoch(train)  [7][100/456]  lr: 1.0000e-02  eta: 0:09:06  time: 0.2125  data_time: 0.0052  memory: 3072  loss: 2.0346  loss_cls: 0.7248  loss_bbox: 0.8691  loss_dfl: 0.4407
05/26 14:56:25 - mmengine - INFO - Epoch(train)  [7][110/456]  lr: 1.0000e-02  eta: 0:09:04  time: 0.2119  data_time: 0.0052  memory: 3271  loss: 2.0291  loss_cls: 0.7004  loss_bbox: 0.8823  loss_dfl: 0.4464
05/26 14:56:27 - mmengine - INFO - Epoch(train)  [7][120/456]  lr: 1.0000e-02  eta: 0:09:02  time: 0.2119  data_time: 0.0053  memory: 3271  loss: 2.0382  loss_cls: 0.7199  loss_bbox: 0.8707  loss_dfl: 0.4476
05/26 14:56:29 - mmengine - INFO - Epoch(train)  [7][130/456]  lr: 1.0000e-02  eta: 0:09:00  time: 0.2103  data_time: 0.0053  memory: 3271  loss: 2.0151  loss_cls: 0.7029  loss_bbox: 0.8697  loss_dfl: 0.4424
05/26 14:56:31 - mmengine - INFO - Epoch(train)  [7][140/456]  lr: 1.0000e-02  eta: 0:08:58  time: 0.2095  data_time: 0.0052  memory: 3072  loss: 2.0099  loss_cls: 0.7529  loss_bbox: 0.8264  loss_dfl: 0.4306
05/26 14:56:33 - mmengine - INFO - Epoch(train)  [7][150/456]  lr: 1.0000e-02  eta: 0:08:56  time: 0.2091  data_time: 0.0052  memory: 3271  loss: 2.0082  loss_cls: 0.7191  loss_bbox: 0.8478  loss_dfl: 0.4413
05/26 14:56:35 - mmengine - INFO - Epoch(train)  [7][160/456]  lr: 1.0000e-02  eta: 0:08:54  time: 0.2087  data_time: 0.0052  memory: 3271  loss: 2.0221  loss_cls: 0.7308  loss_bbox: 0.8504  loss_dfl: 0.4409
05/26 14:56:38 - mmengine - INFO - Epoch(train)  [7][170/456]  lr: 1.0000e-02  eta: 0:08:52  time: 0.2105  data_time: 0.0052  memory: 3271  loss: 2.0261  loss_cls: 0.7193  loss_bbox: 0.8632  loss_dfl: 0.4436
05/26 14:56:40 - mmengine - INFO - Epoch(train)  [7][180/456]  lr: 1.0000e-02  eta: 0:08:50  time: 0.2107  data_time: 0.0052  memory: 3271  loss: 2.0500  loss_cls: 0.7147  loss_bbox: 0.8851  loss_dfl: 0.4502
05/26 14:56:42 - mmengine - INFO - Epoch(train)  [7][190/456]  lr: 1.0000e-02  eta: 0:08:48  time: 0.2116  data_time: 0.0052  memory: 3271  loss: 2.0545  loss_cls: 0.6896  loss_bbox: 0.9059  loss_dfl: 0.4590
05/26 14:56:44 - mmengine - INFO - Epoch(train)  [7][200/456]  lr: 1.0000e-02  eta: 0:08:46  time: 0.2125  data_time: 0.0052  memory: 3271  loss: 2.0548  loss_cls: 0.6819  loss_bbox: 0.9137  loss_dfl: 0.4592
05/26 14:56:46 - mmengine - INFO - Epoch(train)  [7][210/456]  lr: 1.0000e-02  eta: 0:08:44  time: 0.2135  data_time: 0.0052  memory: 3271  loss: 2.0226  loss_cls: 0.6603  loss_bbox: 0.9050  loss_dfl: 0.4573
05/26 14:56:48 - mmengine - INFO - Epoch(train)  [7][220/456]  lr: 1.0000e-02  eta: 0:08:42  time: 0.2113  data_time: 0.0051  memory: 3271  loss: 2.0271  loss_cls: 0.6980  loss_bbox: 0.8793  loss_dfl: 0.4499
05/26 14:56:50 - mmengine - INFO - Epoch(train)  [7][230/456]  lr: 1.0000e-02  eta: 0:08:40  time: 0.2108  data_time: 0.0051  memory: 3271  loss: 2.0223  loss_cls: 0.7144  loss_bbox: 0.8626  loss_dfl: 0.4453
05/26 14:56:52 - mmengine - INFO - Epoch(train)  [7][240/456]  lr: 1.0000e-02  eta: 0:08:38  time: 0.2107  data_time: 0.0052  memory: 3271  loss: 2.0368  loss_cls: 0.7195  loss_bbox: 0.8722  loss_dfl: 0.4451
05/26 14:56:54 - mmengine - INFO - Epoch(train)  [7][250/456]  lr: 1.0000e-02  eta: 0:08:35  time: 0.2093  data_time: 0.0051  memory: 3003  loss: 2.0313  loss_cls: 0.7541  loss_bbox: 0.8415  loss_dfl: 0.4357
05/26 14:56:56 - mmengine - INFO - Epoch(train)  [7][260/456]  lr: 1.0000e-02  eta: 0:08:33  time: 0.2088  data_time: 0.0052  memory: 3149  loss: 2.0342  loss_cls: 0.7379  loss_bbox: 0.8552  loss_dfl: 0.4410
05/26 14:56:57 - mmengine - INFO - Exp name: gfl_r50_fpn_1x_coco_20250526_144607
05/26 14:56:59 - mmengine - INFO - Epoch(train)  [7][270/456]  lr: 1.0000e-02  eta: 0:08:31  time: 0.2094  data_time: 0.0052  memory: 3271  loss: 2.0210  loss_cls: 0.6921  loss_bbox: 0.8821  loss_dfl: 0.4468
05/26 14:57:01 - mmengine - INFO - Epoch(train)  [7][280/456]  lr: 1.0000e-02  eta: 0:08:29  time: 0.2098  data_time: 0.0052  memory: 3271  loss: 2.0008  loss_cls: 0.6768  loss_bbox: 0.8803  loss_dfl: 0.4436
05/26 14:57:03 - mmengine - INFO - Epoch(train)  [7][290/456]  lr: 1.0000e-02  eta: 0:08:27  time: 0.2086  data_time: 0.0052  memory: 3002  loss: 1.9821  loss_cls: 0.6598  loss_bbox: 0.8785  loss_dfl: 0.4438
05/26 14:57:05 - mmengine - INFO - Epoch(train)  [7][300/456]  lr: 1.0000e-02  eta: 0:08:25  time: 0.2090  data_time: 0.0051  memory: 3002  loss: 1.9927  loss_cls: 0.6695  loss_bbox: 0.8789  loss_dfl: 0.4443
05/26 14:57:07 - mmengine - INFO - Epoch(train)  [7][310/456]  lr: 1.0000e-02  eta: 0:08:23  time: 0.2086  data_time: 0.0051  memory: 3003  loss: 2.0080  loss_cls: 0.7058  loss_bbox: 0.8634  loss_dfl: 0.4388
05/26 14:57:09 - mmengine - INFO - Epoch(train)  [7][320/456]  lr: 1.0000e-02  eta: 0:08:21  time: 0.2084  data_time: 0.0051  memory: 3072  loss: 2.0109  loss_cls: 0.7379  loss_bbox: 0.8410  loss_dfl: 0.4320
05/26 14:57:11 - mmengine - INFO - Epoch(train)  [7][330/456]  lr: 1.0000e-02  eta: 0:08:19  time: 0.2076  data_time: 0.0050  memory: 3003  loss: 2.0128  loss_cls: 0.7558  loss_bbox: 0.8270  loss_dfl: 0.4300
05/26 14:57:13 - mmengine - INFO - Epoch(train)  [7][340/456]  lr: 1.0000e-02  eta: 0:08:17  time: 0.2084  data_time: 0.0050  memory: 3271  loss: 2.0160  loss_cls: 0.7764  loss_bbox: 0.8137  loss_dfl: 0.4260
05/26 14:57:15 - mmengine - INFO - Epoch(train)  [7][350/456]  lr: 1.0000e-02  eta: 0:08:15  time: 0.2092  data_time: 0.0050  memory: 3271  loss: 2.0337  loss_cls: 0.7699  loss_bbox: 0.8318  loss_dfl: 0.4321
05/26 14:57:17 - mmengine - INFO - Epoch(train)  [7][360/456]  lr: 1.0000e-02  eta: 0:08:13  time: 0.2110  data_time: 0.0050  memory: 3271  loss: 2.0442  loss_cls: 0.7532  loss_bbox: 0.8560  loss_dfl: 0.4350
05/26 14:57:20 - mmengine - INFO - Epoch(train)  [7][370/456]  lr: 1.0000e-02  eta: 0:08:11  time: 0.2117  data_time: 0.0051  memory: 3271  loss: 2.0617  loss_cls: 0.7161  loss_bbox: 0.8971  loss_dfl: 0.4486
05/26 14:57:22 - mmengine - INFO - Epoch(train)  [7][380/456]  lr: 1.0000e-02  eta: 0:08:09  time: 0.2120  data_time: 0.0052  memory: 3003  loss: 2.0624  loss_cls: 0.6997  loss_bbox: 0.9125  loss_dfl: 0.4502
05/26 14:57:24 - mmengine - INFO - Epoch(train)  [7][390/456]  lr: 1.0000e-02  eta: 0:08:07  time: 0.2128  data_time: 0.0052  memory: 3271  loss: 2.0770  loss_cls: 0.7120  loss_bbox: 0.9142  loss_dfl: 0.4507
05/26 14:57:26 - mmengine - INFO - Epoch(train)  [7][400/456]  lr: 1.0000e-02  eta: 0:08:05  time: 0.2119  data_time: 0.0052  memory: 3271  loss: 2.0759  loss_cls: 0.7228  loss_bbox: 0.9067  loss_dfl: 0.4465
05/26 14:57:28 - mmengine - INFO - Epoch(train)  [7][410/456]  lr: 1.0000e-02  eta: 0:08:03  time: 0.2103  data_time: 0.0053  memory: 3003  loss: 2.0668  loss_cls: 0.7207  loss_bbox: 0.8976  loss_dfl: 0.4484
05/26 14:57:30 - mmengine - INFO - Epoch(train)  [7][420/456]  lr: 1.0000e-02  eta: 0:08:01  time: 0.2105  data_time: 0.0053  memory: 3271  loss: 2.0558  loss_cls: 0.7485  loss_bbox: 0.8675  loss_dfl: 0.4397
05/26 14:57:32 - mmengine - INFO - Epoch(train)  [7][430/456]  lr: 1.0000e-02  eta: 0:07:58  time: 0.2118  data_time: 0.0053  memory: 3271  loss: 2.0713  loss_cls: 0.7536  loss_bbox: 0.8747  loss_dfl: 0.4430
05/26 14:57:34 - mmengine - INFO - Epoch(train)  [7][440/456]  lr: 1.0000e-02  eta: 0:07:56  time: 0.2115  data_time: 0.0053  memory: 3271  loss: 2.0705  loss_cls: 0.7363  loss_bbox: 0.8860  loss_dfl: 0.4482
05/26 14:57:36 - mmengine - INFO - Epoch(train)  [7][450/456]  lr: 1.0000e-02  eta: 0:07:54  time: 0.2118  data_time: 0.0053  memory: 3271  loss: 2.0439  loss_cls: 0.7204  loss_bbox: 0.8792  loss_dfl: 0.4443
05/26 14:57:38 - mmengine - INFO - Exp name: gfl_r50_fpn_1x_coco_20250526_144607
05/26 14:57:38 - mmengine - INFO - Saving checkpoint at 7 epochs
05/26 14:57:40 - mmengine - INFO - Epoch(val)  [7][10/20]    eta: 0:00:00  time: 0.0850  data_time: 0.0075  memory: 3002  
05/26 14:57:41 - mmengine - INFO - Epoch(val)  [7][20/20]    eta: 0:00:00  time: 0.0841  data_time: 0.0062  memory: 1000  
05/26 14:57:41 - mmengine - INFO - Evaluating bbox...
Loading and preparing results...
DONE (t=0.01s)
creating index...
index created!
Running per image evaluation...
Evaluate annotation type *bbox*
DONE (t=0.33s).
Accumulating evaluation results...
DONE (t=0.31s).
Average Precision  (AP) @[ IoU=0.50:0.95 | area=   all | maxDets=100 ] = 0.003
Average Precision  (AP) @[ IoU=0.50      | area=   all | maxDets=1000 ] = 0.005
Average Precision  (AP) @[ IoU=0.75      | area=   all | maxDets=1000 ] = 0.004
Average Precision  (AP) @[ IoU=0.50:0.95 | area= small | maxDets=1000 ] = 0.000
Average Precision  (AP) @[ IoU=0.50:0.95 | area=medium | maxDets=1000 ] = 0.001
Average Precision  (AP) @[ IoU=0.50:0.95 | area= large | maxDets=1000 ] = 0.007
Average Recall     (AR) @[ IoU=0.50:0.95 | area=   all | maxDets=100 ] = 0.030
Average Recall     (AR) @[ IoU=0.50:0.95 | area=   all | maxDets=300 ] = 0.030
Average Recall     (AR) @[ IoU=0.50:0.95 | area=   all | maxDets=1000 ] = 0.030
Average Recall     (AR) @[ IoU=0.50:0.95 | area= small | maxDets=1000 ] = 0.000
Average Recall     (AR) @[ IoU=0.50:0.95 | area=medium | maxDets=1000 ] = 0.004
Average Recall     (AR) @[ IoU=0.50:0.95 | area= large | maxDets=1000 ] = 0.123
05/26 14:57:41 - mmengine - INFO - bbox_mAP_copypaste: 0.003 0.005 0.004 0.000 0.001 0.007
05/26 14:57:41 - mmengine - INFO - Epoch(val) [7][20/20]    coco/bbox_mAP: 0.0030  coco/bbox_mAP_50: 0.0050  coco/bbox_mAP_75: 0.0040  coco/bbox_mAP_s: 0.0000  coco/bbox_mAP_m: 0.0010  coco/bbox_mAP_l: 0.0070  data_time: 0.0062  time: 0.0823
05/26 14:57:44 - mmengine - INFO - Epoch(train)  [8][ 10/456]  lr: 1.0000e-02  eta: 0:07:51  time: 0.2101  data_time: 0.0061  memory: 3271  loss: 2.0492  loss_cls: 0.7494  loss_bbox: 0.8611  loss_dfl: 0.4388
05/26 14:57:46 - mmengine - INFO - Epoch(train)  [8][ 20/456]  lr: 1.0000e-02  eta: 0:07:49  time: 0.2088  data_time: 0.0061  memory: 3003  loss: 2.0356  loss_cls: 0.7472  loss_bbox: 0.8512  loss_dfl: 0.4373
05/26 14:57:48 - mmengine - INFO - Epoch(train)  [8][ 30/456]  lr: 1.0000e-02  eta: 0:07:47  time: 0.2075  data_time: 0.0061  memory: 3271  loss: 2.0445  loss_cls: 0.7506  loss_bbox: 0.8523  loss_dfl: 0.4415
05/26 14:57:50 - mmengine - INFO - Epoch(train)  [8][ 40/456]  lr: 1.0000e-02  eta: 0:07:45  time: 0.2079  data_time: 0.0061  memory: 3271  loss: 2.0379  loss_cls: 0.7468  loss_bbox: 0.8517  loss_dfl: 0.4393
05/26 14:57:52 - mmengine - INFO - Epoch(train)  [8][ 50/456]  lr: 1.0000e-02  eta: 0:07:43  time: 0.2103  data_time: 0.0062  memory: 3002  loss: 2.0392  loss_cls: 0.7550  loss_bbox: 0.8463  loss_dfl: 0.4378
05/26 14:57:54 - mmengine - INFO - Epoch(train)  [8][ 60/456]  lr: 1.0000e-02  eta: 0:07:41  time: 0.2085  data_time: 0.0052  memory: 3271  loss: 2.0431  loss_cls: 0.7592  loss_bbox: 0.8461  loss_dfl: 0.4378
05/26 14:57:56 - mmengine - INFO - Epoch(train)  [8][ 70/456]  lr: 1.0000e-02  eta: 0:07:39  time: 0.2089  data_time: 0.0053  memory: 3271  loss: 2.0640  loss_cls: 0.7595  loss_bbox: 0.8646  loss_dfl: 0.4400
05/26 14:57:58 - mmengine - INFO - Epoch(train)  [8][ 80/456]  lr: 1.0000e-02  eta: 0:07:36  time: 0.2080  data_time: 0.0053  memory: 3271  loss: 2.0529  loss_cls: 0.7969  loss_bbox: 0.8289  loss_dfl: 0.4271
05/26 14:58:00 - mmengine - INFO - Epoch(train)  [8][ 90/456]  lr: 1.0000e-02  eta: 0:07:34  time: 0.2069  data_time: 0.0053  memory: 3271  loss: 2.0810  loss_cls: 0.8013  loss_bbox: 0.8452  loss_dfl: 0.4346
05/26 14:58:02 - mmengine - INFO - Epoch(train)  [8][100/456]  lr: 1.0000e-02  eta: 0:07:32  time: 0.2094  data_time: 0.0053  memory: 3271  loss: 2.0605  loss_cls: 0.7762  loss_bbox: 0.8488  loss_dfl: 0.4355
05/26 14:58:04 - mmengine - INFO - Epoch(train)  [8][110/456]  lr: 1.0000e-02  eta: 0:07:30  time: 0.2093  data_time: 0.0053  memory: 3072  loss: 2.0513  loss_cls: 0.7592  loss_bbox: 0.8565  loss_dfl: 0.4355
05/26 14:58:07 - mmengine - INFO - Epoch(train)  [8][120/456]  lr: 1.0000e-02  eta: 0:07:28  time: 0.2095  data_time: 0.0053  memory: 3271  loss: 2.0184  loss_cls: 0.7461  loss_bbox: 0.8402  loss_dfl: 0.4321
05/26 14:58:09 - mmengine - INFO - Epoch(train)  [8][130/456]  lr: 1.0000e-02  eta: 0:07:26  time: 0.2098  data_time: 0.0053  memory: 3072  loss: 2.0202  loss_cls: 0.7224  loss_bbox: 0.8603  loss_dfl: 0.4376
05/26 14:58:11 - mmengine - INFO - Epoch(train)  [8][140/456]  lr: 1.0000e-02  eta: 0:07:24  time: 0.2097  data_time: 0.0053  memory: 3271  loss: 1.9904  loss_cls: 0.6945  loss_bbox: 0.8595  loss_dfl: 0.4364
05/26 14:58:13 - mmengine - INFO - Epoch(train)  [8][150/456]  lr: 1.0000e-02  eta: 0:07:22  time: 0.2080  data_time: 0.0053  memory: 3003  loss: 2.0184  loss_cls: 0.7079  loss_bbox: 0.8693  loss_dfl: 0.4412
05/26 14:58:15 - mmengine - INFO - Epoch(train)  [8][160/456]  lr: 1.0000e-02  eta: 0:07:20  time: 0.2084  data_time: 0.0054  memory: 3271  loss: 2.0372  loss_cls: 0.7292  loss_bbox: 0.8660  loss_dfl: 0.4420
05/26 14:58:17 - mmengine - INFO - Epoch(train)  [8][170/456]  lr: 1.0000e-02  eta: 0:07:18  time: 0.2074  data_time: 0.0053  memory: 3271  loss: 2.0488  loss_cls: 0.7416  loss_bbox: 0.8642  loss_dfl: 0.4429
05/26 14:58:19 - mmengine - INFO - Epoch(train)  [8][180/456]  lr: 1.0000e-02  eta: 0:07:16  time: 0.2066  data_time: 0.0053  memory: 3003  loss: 2.0219  loss_cls: 0.7348  loss_bbox: 0.8493  loss_dfl: 0.4379
05/26 14:58:21 - mmengine - INFO - Epoch(train)  [8][190/456]  lr: 1.0000e-02  eta: 0:07:14  time: 0.2058  data_time: 0.0053  memory: 3271  loss: 2.0094  loss_cls: 0.7513  loss_bbox: 0.8296  loss_dfl: 0.4285
05/26 14:58:23 - mmengine - INFO - Epoch(train)  [8][200/456]  lr: 1.0000e-02  eta: 0:07:12  time: 0.2054  data_time: 0.0053  memory: 3271  loss: 1.9808  loss_cls: 0.7309  loss_bbox: 0.8234  loss_dfl: 0.4264
05/26 14:58:25 - mmengine - INFO - Epoch(train)  [8][210/456]  lr: 1.0000e-02  eta: 0:07:09  time: 0.2041  data_time: 0.0052  memory: 3271  loss: 1.9881  loss_cls: 0.7264  loss_bbox: 0.8324  loss_dfl: 0.4293
05/26 14:58:27 - mmengine - INFO - Epoch(train)  [8][220/456]  lr: 1.0000e-02  eta: 0:07:07  time: 0.2020  data_time: 0.0053  memory: 3271  loss: 1.9903  loss_cls: 0.7175  loss_bbox: 0.8407  loss_dfl: 0.4320
05/26 14:58:29 - mmengine - INFO - Epoch(train)  [8][230/456]  lr: 1.0000e-02  eta: 0:07:05  time: 0.1997  data_time: 0.0054  memory: 3149  loss: 2.0095  loss_cls: 0.7008  loss_bbox: 0.8677  loss_dfl: 0.4410
05/26 14:58:31 - mmengine - INFO - Epoch(train)  [8][240/456]  lr: 1.0000e-02  eta: 0:07:03  time: 0.1965  data_time: 0.0053  memory: 3271  loss: 2.0371  loss_cls: 0.7007  loss_bbox: 0.8883  loss_dfl: 0.4481
05/26 14:58:33 - mmengine - INFO - Epoch(train)  [8][250/456]  lr: 1.0000e-02  eta: 0:07:01  time: 0.1928  data_time: 0.0052  memory: 3271  loss: 2.0519  loss_cls: 0.7329  loss_bbox: 0.8749  loss_dfl: 0.4440
05/26 14:58:35 - mmengine - INFO - Epoch(train)  [8][260/456]  lr: 1.0000e-02  eta: 0:06:59  time: 0.1923  data_time: 0.0051  memory: 3271  loss: 2.0281  loss_cls: 0.7107  loss_bbox: 0.8765  loss_dfl: 0.4409
05/26 14:58:37 - mmengine - INFO - Epoch(train)  [8][270/456]  lr: 1.0000e-02  eta: 0:06:57  time: 0.1962  data_time: 0.0052  memory: 3271  loss: 2.0390  loss_cls: 0.7027  loss_bbox: 0.8926  loss_dfl: 0.4437
05/26 14:58:39 - mmengine - INFO - Epoch(train)  [8][280/456]  lr: 1.0000e-02  eta: 0:06:55  time: 0.1998  data_time: 0.0051  memory: 3271  loss: 2.0572  loss_cls: 0.7276  loss_bbox: 0.8866  loss_dfl: 0.4430
05/26 14:58:41 - mmengine - INFO - Epoch(train)  [8][290/456]  lr: 1.0000e-02  eta: 0:06:52  time: 0.2051  data_time: 0.0052  memory: 3271  loss: 2.0420  loss_cls: 0.7216  loss_bbox: 0.8796  loss_dfl: 0.4407
05/26 14:58:43 - mmengine - INFO - Epoch(train)  [8][300/456]  lr: 1.0000e-02  eta: 0:06:50  time: 0.2099  data_time: 0.0052  memory: 3271  loss: 2.0431  loss_cls: 0.6897  loss_bbox: 0.9059  loss_dfl: 0.4475
05/26 14:58:45 - mmengine - INFO - Epoch(train)  [8][310/456]  lr: 1.0000e-02  eta: 0:06:48  time: 0.2113  data_time: 0.0052  memory: 3271  loss: 2.0454  loss_cls: 0.7020  loss_bbox: 0.8973  loss_dfl: 0.4460
05/26 14:58:47 - mmengine - INFO - Epoch(train)  [8][320/456]  lr: 1.0000e-02  eta: 0:06:46  time: 0.2109  data_time: 0.0051  memory: 3200  loss: 2.0114  loss_cls: 0.7221  loss_bbox: 0.8549  loss_dfl: 0.4344
05/26 14:58:50 - mmengine - INFO - Epoch(train)  [8][330/456]  lr: 1.0000e-02  eta: 0:06:44  time: 0.2112  data_time: 0.0050  memory: 3271  loss: 1.9971  loss_cls: 0.7323  loss_bbox: 0.8374  loss_dfl: 0.4274
05/26 14:58:52 - mmengine - INFO - Epoch(train)  [8][340/456]  lr: 1.0000e-02  eta: 0:06:42  time: 0.2105  data_time: 0.0050  memory: 3271  loss: 2.0185  loss_cls: 0.7337  loss_bbox: 0.8489  loss_dfl: 0.4359
05/26 14:58:54 - mmengine - INFO - Epoch(train)  [8][350/456]  lr: 1.0000e-02  eta: 0:06:40  time: 0.2110  data_time: 0.0050  memory: 3271  loss: 2.0093  loss_cls: 0.7346  loss_bbox: 0.8391  loss_dfl: 0.4355
05/26 14:58:56 - mmengine - INFO - Epoch(train)  [8][360/456]  lr: 1.0000e-02  eta: 0:06:38  time: 0.2122  data_time: 0.0051  memory: 3271  loss: 2.0150  loss_cls: 0.7451  loss_bbox: 0.8345  loss_dfl: 0.4354
05/26 14:58:58 - mmengine - INFO - Epoch(train)  [8][370/456]  lr: 1.0000e-02  eta: 0:06:36  time: 0.2124  data_time: 0.0051  memory: 3271  loss: 2.0400  loss_cls: 0.7510  loss_bbox: 0.8497  loss_dfl: 0.4393
05/26 14:59:00 - mmengine - INFO - Epoch(train)  [8][380/456]  lr: 1.0000e-02  eta: 0:06:34  time: 0.2112  data_time: 0.0051  memory: 3149  loss: 2.0221  loss_cls: 0.7312  loss_bbox: 0.8522  loss_dfl: 0.4387
05/26 14:59:02 - mmengine - INFO - Epoch(train)  [8][390/456]  lr: 1.0000e-02  eta: 0:06:32  time: 0.2108  data_time: 0.0052  memory: 3271  loss: 1.9938  loss_cls: 0.7266  loss_bbox: 0.8380  loss_dfl: 0.4292
05/26 14:59:04 - mmengine - INFO - Epoch(train)  [8][400/456]  lr: 1.0000e-02  eta: 0:06:30  time: 0.2102  data_time: 0.0052  memory: 3271  loss: 2.0023  loss_cls: 0.7471  loss_bbox: 0.8291  loss_dfl: 0.4262
05/26 14:59:06 - mmengine - INFO - Epoch(train)  [8][410/456]  lr: 1.0000e-02  eta: 0:06:28  time: 0.2079  data_time: 0.0052  memory: 3003  loss: 1.9868  loss_cls: 0.7319  loss_bbox: 0.8321  loss_dfl: 0.4228
05/26 14:59:08 - mmengine - INFO - Epoch(train)  [8][420/456]  lr: 1.0000e-02  eta: 0:06:26  time: 0.2074  data_time: 0.0052  memory: 3271  loss: 1.9948  loss_cls: 0.7565  loss_bbox: 0.8200  loss_dfl: 0.4184
05/26 14:59:10 - mmengine - INFO - Epoch(train)  [8][430/456]  lr: 1.0000e-02  eta: 0:06:24  time: 0.2083  data_time: 0.0052  memory: 3271  loss: 2.0122  loss_cls: 0.7490  loss_bbox: 0.8406  loss_dfl: 0.4225
05/26 14:59:13 - mmengine - INFO - Epoch(train)  [8][440/456]  lr: 1.0000e-02  eta: 0:06:22  time: 0.2084  data_time: 0.0052  memory: 3149  loss: 2.0276  loss_cls: 0.7859  loss_bbox: 0.8258  loss_dfl: 0.4159
05/26 14:59:15 - mmengine - INFO - Epoch(train)  [8][450/456]  lr: 1.0000e-02  eta: 0:06:19  time: 0.2085  data_time: 0.0051  memory: 3271  loss: 2.0342  loss_cls: 0.7710  loss_bbox: 0.8420  loss_dfl: 0.4213
05/26 14:59:16 - mmengine - INFO - Exp name: gfl_r50_fpn_1x_coco_20250526_144607
05/26 14:59:16 - mmengine - INFO - Saving checkpoint at 8 epochs
05/26 14:59:18 - mmengine - INFO - Epoch(val)  [8][10/20]    eta: 0:00:00  time: 0.0855  data_time: 0.0075  memory: 3271  
05/26 14:59:19 - mmengine - INFO - Epoch(val)  [8][20/20]    eta: 0:00:00  time: 0.0838  data_time: 0.0062  memory: 1000  
05/26 14:59:19 - mmengine - INFO - Evaluating bbox...
Loading and preparing results...
DONE (t=0.01s)
creating index...
index created!
Running per image evaluation...
Evaluate annotation type *bbox*
DONE (t=0.22s).
Accumulating evaluation results...
DONE (t=0.25s).
Average Precision  (AP) @[ IoU=0.50:0.95 | area=   all | maxDets=100 ] = 0.001
Average Precision  (AP) @[ IoU=0.50      | area=   all | maxDets=1000 ] = 0.003
Average Precision  (AP) @[ IoU=0.75      | area=   all | maxDets=1000 ] = 0.001
Average Precision  (AP) @[ IoU=0.50:0.95 | area= small | maxDets=1000 ] = 0.000
Average Precision  (AP) @[ IoU=0.50:0.95 | area=medium | maxDets=1000 ] = 0.001
Average Precision  (AP) @[ IoU=0.50:0.95 | area= large | maxDets=1000 ] = 0.003
Average Recall     (AR) @[ IoU=0.50:0.95 | area=   all | maxDets=100 ] = 0.028
Average Recall     (AR) @[ IoU=0.50:0.95 | area=   all | maxDets=300 ] = 0.028
Average Recall     (AR) @[ IoU=0.50:0.95 | area=   all | maxDets=1000 ] = 0.028
Average Recall     (AR) @[ IoU=0.50:0.95 | area= small | maxDets=1000 ] = 0.000
Average Recall     (AR) @[ IoU=0.50:0.95 | area=medium | maxDets=1000 ] = 0.009
Average Recall     (AR) @[ IoU=0.50:0.95 | area= large | maxDets=1000 ] = 0.095
05/26 14:59:19 - mmengine - INFO - bbox_mAP_copypaste: 0.001 0.003 0.001 0.000 0.001 0.003
05/26 14:59:19 - mmengine - INFO - Epoch(val) [8][20/20]    coco/bbox_mAP: 0.0010  coco/bbox_mAP_50: 0.0030  coco/bbox_mAP_75: 0.0010  coco/bbox_mAP_s: 0.0000  coco/bbox_mAP_m: 0.0010  coco/bbox_mAP_l: 0.0030  data_time: 0.0070  time: 0.0820
05/26 14:59:22 - mmengine - INFO - Epoch(train)  [9][ 10/456]  lr: 1.0000e-03  eta: 0:06:16  time: 0.2107  data_time: 0.0062  memory: 3271  loss: 2.0283  loss_cls: 0.7442  loss_bbox: 0.8572  loss_dfl: 0.4269
05/26 14:59:24 - mmengine - INFO - Epoch(train)  [9][ 20/456]  lr: 1.0000e-03  eta: 0:06:14  time: 0.2121  data_time: 0.0062  memory: 3165  loss: 2.0161  loss_cls: 0.7355  loss_bbox: 0.8539  loss_dfl: 0.4268
05/26 14:59:26 - mmengine - INFO - Epoch(train)  [9][ 30/456]  lr: 1.0000e-03  eta: 0:06:12  time: 0.2105  data_time: 0.0062  memory: 3271  loss: 2.0275  loss_cls: 0.7383  loss_bbox: 0.8596  loss_dfl: 0.4297
05/26 14:59:28 - mmengine - INFO - Epoch(train)  [9][ 40/456]  lr: 1.0000e-03  eta: 0:06:10  time: 0.2095  data_time: 0.0062  memory: 3271  loss: 2.0311  loss_cls: 0.7339  loss_bbox: 0.8654  loss_dfl: 0.4317
05/26 14:59:30 - mmengine - INFO - Epoch(train)  [9][ 50/456]  lr: 1.0000e-03  eta: 0:06:08  time: 0.2112  data_time: 0.0063  memory: 3271  loss: 2.0135  loss_cls: 0.7485  loss_bbox: 0.8424  loss_dfl: 0.4227
05/26 14:59:32 - mmengine - INFO - Epoch(train)  [9][ 60/456]  lr: 1.0000e-03  eta: 0:06:06  time: 0.2079  data_time: 0.0052  memory: 3271  loss: 2.0175  loss_cls: 0.7394  loss_bbox: 0.8546  loss_dfl: 0.4235
05/26 14:59:34 - mmengine - INFO - Epoch(train)  [9][ 70/456]  lr: 1.0000e-03  eta: 0:06:04  time: 0.2086  data_time: 0.0051  memory: 3271  loss: 1.9922  loss_cls: 0.7255  loss_bbox: 0.8456  loss_dfl: 0.4211
05/26 14:59:36 - mmengine - INFO - Epoch(train)  [9][ 80/456]  lr: 1.0000e-03  eta: 0:06:02  time: 0.2088  data_time: 0.0051  memory: 3149  loss: 1.9792  loss_cls: 0.7108  loss_bbox: 0.8461  loss_dfl: 0.4222
05/26 14:59:38 - mmengine - INFO - Epoch(train)  [9][ 90/456]  lr: 1.0000e-03  eta: 0:06:00  time: 0.2103  data_time: 0.0051  memory: 3271  loss: 1.9777  loss_cls: 0.6984  loss_bbox: 0.8547  loss_dfl: 0.4246
05/26 14:59:41 - mmengine - INFO - Epoch(train)  [9][100/456]  lr: 1.0000e-03  eta: 0:05:58  time: 0.2101  data_time: 0.0051  memory: 3271  loss: 1.9751  loss_cls: 0.6955  loss_bbox: 0.8534  loss_dfl: 0.4262
05/26 14:59:43 - mmengine - INFO - Epoch(train)  [9][110/456]  lr: 1.0000e-03  eta: 0:05:56  time: 0.2106  data_time: 0.0051  memory: 3271  loss: 2.0045  loss_cls: 0.7296  loss_bbox: 0.8443  loss_dfl: 0.4307
05/26 14:59:45 - mmengine - INFO - Epoch(train)  [9][120/456]  lr: 1.0000e-03  eta: 0:05:53  time: 0.2098  data_time: 0.0052  memory: 3271  loss: 2.0327  loss_cls: 0.7435  loss_bbox: 0.8541  loss_dfl: 0.4351
05/26 14:59:47 - mmengine - INFO - Epoch(train)  [9][130/456]  lr: 1.0000e-03  eta: 0:05:51  time: 0.2105  data_time: 0.0052  memory: 3271  loss: 2.0425  loss_cls: 0.7767  loss_bbox: 0.8363  loss_dfl: 0.4295
05/26 14:59:49 - mmengine - INFO - Epoch(train)  [9][140/456]  lr: 1.0000e-03  eta: 0:05:49  time: 0.2091  data_time: 0.0052  memory: 3003  loss: 2.0455  loss_cls: 0.7944  loss_bbox: 0.8239  loss_dfl: 0.4272
05/26 14:59:51 - mmengine - INFO - Epoch(train)  [9][150/456]  lr: 1.0000e-03  eta: 0:05:47  time: 0.2083  data_time: 0.0052  memory: 3271  loss: 2.0330  loss_cls: 0.8091  loss_bbox: 0.8077  loss_dfl: 0.4163
05/26 14:59:53 - mmengine - INFO - Epoch(train)  [9][160/456]  lr: 1.0000e-03  eta: 0:05:45  time: 0.2078  data_time: 0.0051  memory: 3271  loss: 2.0131  loss_cls: 0.8076  loss_bbox: 0.7945  loss_dfl: 0.4109
05/26 14:59:55 - mmengine - INFO - Epoch(train)  [9][170/456]  lr: 1.0000e-03  eta: 0:05:43  time: 0.2076  data_time: 0.0051  memory: 3072  loss: 2.0013  loss_cls: 0.7805  loss_bbox: 0.8072  loss_dfl: 0.4136
05/26 14:59:57 - mmengine - INFO - Epoch(train)  [9][180/456]  lr: 1.0000e-03  eta: 0:05:41  time: 0.2071  data_time: 0.0052  memory: 3003  loss: 1.9627  loss_cls: 0.7473  loss_bbox: 0.8035  loss_dfl: 0.4118
05/26 14:59:59 - mmengine - INFO - Epoch(train)  [9][190/456]  lr: 1.0000e-03  eta: 0:05:39  time: 0.2079  data_time: 0.0052  memory: 3200  loss: 1.9590  loss_cls: 0.7368  loss_bbox: 0.8092  loss_dfl: 0.4130
05/26 15:00:01 - mmengine - INFO - Epoch(train)  [9][200/456]  lr: 1.0000e-03  eta: 0:05:37  time: 0.2091  data_time: 0.0052  memory: 3200  loss: 1.9557  loss_cls: 0.7243  loss_bbox: 0.8126  loss_dfl: 0.4188
05/26 15:00:03 - mmengine - INFO - Epoch(train)  [9][210/456]  lr: 1.0000e-03  eta: 0:05:35  time: 0.2085  data_time: 0.0052  memory: 3003  loss: 1.9566  loss_cls: 0.7336  loss_bbox: 0.8087  loss_dfl: 0.4143
05/26 15:00:06 - mmengine - INFO - Epoch(train)  [9][220/456]  lr: 1.0000e-03  eta: 0:05:33  time: 0.2086  data_time: 0.0052  memory: 3271  loss: 1.9385  loss_cls: 0.7438  loss_bbox: 0.7867  loss_dfl: 0.4080
05/26 15:00:08 - mmengine - INFO - Epoch(train)  [9][230/456]  lr: 1.0000e-03  eta: 0:05:31  time: 0.2102  data_time: 0.0052  memory: 3271  loss: 1.9677  loss_cls: 0.7620  loss_bbox: 0.7949  loss_dfl: 0.4109
05/26 15:00:10 - mmengine - INFO - Epoch(train)  [9][240/456]  lr: 1.0000e-03  eta: 0:05:29  time: 0.2100  data_time: 0.0052  memory: 3149  loss: 1.9441  loss_cls: 0.7412  loss_bbox: 0.7946  loss_dfl: 0.4084
05/26 15:00:12 - mmengine - INFO - Epoch(train)  [9][250/456]  lr: 1.0000e-03  eta: 0:05:26  time: 0.2090  data_time: 0.0052  memory: 3003  loss: 1.9729  loss_cls: 0.7421  loss_bbox: 0.8161  loss_dfl: 0.4148
05/26 15:00:14 - mmengine - INFO - Epoch(train)  [9][260/456]  lr: 1.0000e-03  eta: 0:05:24  time: 0.2090  data_time: 0.0052  memory: 3149  loss: 1.9858  loss_cls: 0.7574  loss_bbox: 0.8121  loss_dfl: 0.4163
05/26 15:00:16 - mmengine - INFO - Epoch(train)  [9][270/456]  lr: 1.0000e-03  eta: 0:05:22  time: 0.2086  data_time: 0.0051  memory: 3271  loss: 2.0111  loss_cls: 0.7907  loss_bbox: 0.8066  loss_dfl: 0.4138
05/26 15:00:18 - mmengine - INFO - Epoch(train)  [9][280/456]  lr: 1.0000e-03  eta: 0:05:20  time: 0.2083  data_time: 0.0052  memory: 3271  loss: 2.0024  loss_cls: 0.8003  loss_bbox: 0.7907  loss_dfl: 0.4114
05/26 15:00:20 - mmengine - INFO - Epoch(train)  [9][290/456]  lr: 1.0000e-03  eta: 0:05:18  time: 0.2096  data_time: 0.0052  memory: 3271  loss: 2.0183  loss_cls: 0.8216  loss_bbox: 0.7837  loss_dfl: 0.4130
05/26 15:00:22 - mmengine - INFO - Epoch(train)  [9][300/456]  lr: 1.0000e-03  eta: 0:05:16  time: 0.2099  data_time: 0.0053  memory: 3149  loss: 2.0052  loss_cls: 0.8098  loss_bbox: 0.7839  loss_dfl: 0.4115
05/26 15:00:24 - mmengine - INFO - Epoch(train)  [9][310/456]  lr: 1.0000e-03  eta: 0:05:14  time: 0.2117  data_time: 0.0053  memory: 3271  loss: 1.9822  loss_cls: 0.7749  loss_bbox: 0.7931  loss_dfl: 0.4142
05/26 15:00:27 - mmengine - INFO - Epoch(train)  [9][320/456]  lr: 1.0000e-03  eta: 0:05:12  time: 0.2119  data_time: 0.0054  memory: 3003  loss: 1.9736  loss_cls: 0.7372  loss_bbox: 0.8152  loss_dfl: 0.4212
05/26 15:00:29 - mmengine - INFO - Epoch(train)  [9][330/456]  lr: 1.0000e-03  eta: 0:05:10  time: 0.2103  data_time: 0.0053  memory: 3271  loss: 1.9933  loss_cls: 0.7546  loss_bbox: 0.8175  loss_dfl: 0.4212
05/26 15:00:31 - mmengine - INFO - Epoch(train)  [9][340/456]  lr: 1.0000e-03  eta: 0:05:08  time: 0.2092  data_time: 0.0053  memory: 3271  loss: 1.9832  loss_cls: 0.7523  loss_bbox: 0.8150  loss_dfl: 0.4159
05/26 15:00:33 - mmengine - INFO - Epoch(train)  [9][350/456]  lr: 1.0000e-03  eta: 0:05:06  time: 0.2090  data_time: 0.0053  memory: 3271  loss: 2.0034  loss_cls: 0.7643  loss_bbox: 0.8184  loss_dfl: 0.4206
05/26 15:00:33 - mmengine - INFO - Exp name: gfl_r50_fpn_1x_coco_20250526_144607
05/26 15:00:35 - mmengine - INFO - Epoch(train)  [9][360/456]  lr: 1.0000e-03  eta: 0:05:04  time: 0.2075  data_time: 0.0053  memory: 3271  loss: 2.0323  loss_cls: 0.7729  loss_bbox: 0.8344  loss_dfl: 0.4249
05/26 15:00:37 - mmengine - INFO - Epoch(train)  [9][370/456]  lr: 1.0000e-03  eta: 0:05:02  time: 0.2073  data_time: 0.0053  memory: 3271  loss: 2.0367  loss_cls: 0.7754  loss_bbox: 0.8340  loss_dfl: 0.4273
05/26 15:00:39 - mmengine - INFO - Epoch(train)  [9][380/456]  lr: 1.0000e-03  eta: 0:05:00  time: 0.2081  data_time: 0.0053  memory: 3003  loss: 2.0149  loss_cls: 0.7439  loss_bbox: 0.8432  loss_dfl: 0.4279
05/26 15:00:41 - mmengine - INFO - Epoch(train)  [9][390/456]  lr: 1.0000e-03  eta: 0:04:57  time: 0.2082  data_time: 0.0053  memory: 3271  loss: 2.0168  loss_cls: 0.7529  loss_bbox: 0.8359  loss_dfl: 0.4280
05/26 15:00:43 - mmengine - INFO - Epoch(train)  [9][400/456]  lr: 1.0000e-03  eta: 0:04:55  time: 0.2088  data_time: 0.0054  memory: 3003  loss: 2.0043  loss_cls: 0.7323  loss_bbox: 0.8434  loss_dfl: 0.4286
05/26 15:00:45 - mmengine - INFO - Epoch(train)  [9][410/456]  lr: 1.0000e-03  eta: 0:04:53  time: 0.2094  data_time: 0.0053  memory: 3271  loss: 1.9733  loss_cls: 0.7469  loss_bbox: 0.8113  loss_dfl: 0.4151
05/26 15:00:47 - mmengine - INFO - Epoch(train)  [9][420/456]  lr: 1.0000e-03  eta: 0:04:51  time: 0.2105  data_time: 0.0054  memory: 3271  loss: 1.9547  loss_cls: 0.7465  loss_bbox: 0.7979  loss_dfl: 0.4102
05/26 15:00:50 - mmengine - INFO - Epoch(train)  [9][430/456]  lr: 1.0000e-03  eta: 0:04:49  time: 0.2117  data_time: 0.0054  memory: 3271  loss: 1.9509  loss_cls: 0.7379  loss_bbox: 0.8024  loss_dfl: 0.4105
05/26 15:00:52 - mmengine - INFO - Epoch(train)  [9][440/456]  lr: 1.0000e-03  eta: 0:04:47  time: 0.2117  data_time: 0.0054  memory: 3271  loss: 1.9557  loss_cls: 0.7291  loss_bbox: 0.8132  loss_dfl: 0.4134
05/26 15:00:54 - mmengine - INFO - Epoch(train)  [9][450/456]  lr: 1.0000e-03  eta: 0:04:45  time: 0.2118  data_time: 0.0054  memory: 3271  loss: 1.9660  loss_cls: 0.7479  loss_bbox: 0.8037  loss_dfl: 0.4144
05/26 15:00:55 - mmengine - INFO - Exp name: gfl_r50_fpn_1x_coco_20250526_144607
05/26 15:00:55 - mmengine - INFO - Saving checkpoint at 9 epochs
05/26 15:00:57 - mmengine - INFO - Epoch(val)  [9][10/20]    eta: 0:00:00  time: 0.0848  data_time: 0.0076  memory: 3271  
05/26 15:00:58 - mmengine - INFO - Epoch(val)  [9][20/20]    eta: 0:00:00  time: 0.0835  data_time: 0.0066  memory: 1000  
05/26 15:00:58 - mmengine - INFO - Evaluating bbox...
Loading and preparing results...
DONE (t=0.01s)
creating index...
index created!
Running per image evaluation...
Evaluate annotation type *bbox*
DONE (t=0.27s).
Accumulating evaluation results...
DONE (t=0.27s).
Average Precision  (AP) @[ IoU=0.50:0.95 | area=   all | maxDets=100 ] = 0.002
Average Precision  (AP) @[ IoU=0.50      | area=   all | maxDets=1000 ] = 0.003
Average Precision  (AP) @[ IoU=0.75      | area=   all | maxDets=1000 ] = 0.002
Average Precision  (AP) @[ IoU=0.50:0.95 | area= small | maxDets=1000 ] = 0.000
Average Precision  (AP) @[ IoU=0.50:0.95 | area=medium | maxDets=1000 ] = 0.001
Average Precision  (AP) @[ IoU=0.50:0.95 | area= large | maxDets=1000 ] = 0.007
Average Recall     (AR) @[ IoU=0.50:0.95 | area=   all | maxDets=100 ] = 0.046
Average Recall     (AR) @[ IoU=0.50:0.95 | area=   all | maxDets=300 ] = 0.046
Average Recall     (AR) @[ IoU=0.50:0.95 | area=   all | maxDets=1000 ] = 0.046
Average Recall     (AR) @[ IoU=0.50:0.95 | area= small | maxDets=1000 ] = 0.000
Average Recall     (AR) @[ IoU=0.50:0.95 | area=medium | maxDets=1000 ] = 0.010
Average Recall     (AR) @[ IoU=0.50:0.95 | area= large | maxDets=1000 ] = 0.153
05/26 15:00:59 - mmengine - INFO - bbox_mAP_copypaste: 0.002 0.003 0.002 0.000 0.001 0.007
05/26 15:00:59 - mmengine - INFO - Epoch(val) [9][20/20]    coco/bbox_mAP: 0.0020  coco/bbox_mAP_50: 0.0030  coco/bbox_mAP_75: 0.0020  coco/bbox_mAP_s: 0.0000  coco/bbox_mAP_m: 0.0010  coco/bbox_mAP_l: 0.0070  data_time: 0.0070  time: 0.0821
05/26 15:01:01 - mmengine - INFO - Epoch(train) [10][ 10/456]  lr: 1.0000e-03  eta: 0:04:42  time: 0.2117  data_time: 0.0064  memory: 3200  loss: 1.9558  loss_cls: 0.7517  loss_bbox: 0.7923  loss_dfl: 0.4118
05/26 15:01:03 - mmengine - INFO - Epoch(train) [10][ 20/456]  lr: 1.0000e-03  eta: 0:04:40  time: 0.2109  data_time: 0.0063  memory: 3271  loss: 1.9749  loss_cls: 0.7802  loss_bbox: 0.7829  loss_dfl: 0.4117
05/26 15:01:05 - mmengine - INFO - Epoch(train) [10][ 30/456]  lr: 1.0000e-03  eta: 0:04:38  time: 0.2113  data_time: 0.0062  memory: 3271  loss: 1.9742  loss_cls: 0.8007  loss_bbox: 0.7664  loss_dfl: 0.4071
05/26 15:01:07 - mmengine - INFO - Epoch(train) [10][ 40/456]  lr: 1.0000e-03  eta: 0:04:36  time: 0.2117  data_time: 0.0062  memory: 3271  loss: 1.9779  loss_cls: 0.7955  loss_bbox: 0.7767  loss_dfl: 0.4057
05/26 15:01:09 - mmengine - INFO - Epoch(train) [10][ 50/456]  lr: 1.0000e-03  eta: 0:04:33  time: 0.2120  data_time: 0.0062  memory: 3271  loss: 2.0140  loss_cls: 0.7861  loss_bbox: 0.8102  loss_dfl: 0.4177
05/26 15:01:11 - mmengine - INFO - Epoch(train) [10][ 60/456]  lr: 1.0000e-03  eta: 0:04:31  time: 0.2111  data_time: 0.0051  memory: 3271  loss: 2.0099  loss_cls: 0.7684  loss_bbox: 0.8216  loss_dfl: 0.4200
05/26 15:01:13 - mmengine - INFO - Epoch(train) [10][ 70/456]  lr: 1.0000e-03  eta: 0:04:29  time: 0.2097  data_time: 0.0051  memory: 3271  loss: 2.0089  loss_cls: 0.7500  loss_bbox: 0.8362  loss_dfl: 0.4227
05/26 15:01:16 - mmengine - INFO - Epoch(train) [10][ 80/456]  lr: 1.0000e-03  eta: 0:04:27  time: 0.2088  data_time: 0.0051  memory: 3002  loss: 2.0054  loss_cls: 0.7512  loss_bbox: 0.8315  loss_dfl: 0.4226
05/26 15:01:18 - mmengine - INFO - Epoch(train) [10][ 90/456]  lr: 1.0000e-03  eta: 0:04:25  time: 0.2086  data_time: 0.0051  memory: 3271  loss: 1.9943  loss_cls: 0.7552  loss_bbox: 0.8190  loss_dfl: 0.4201
05/26 15:01:20 - mmengine - INFO - Epoch(train) [10][100/456]  lr: 1.0000e-03  eta: 0:04:23  time: 0.2081  data_time: 0.0051  memory: 3072  loss: 1.9682  loss_cls: 0.7792  loss_bbox: 0.7833  loss_dfl: 0.4056
05/26 15:01:22 - mmengine - INFO - Epoch(train) [10][110/456]  lr: 1.0000e-03  eta: 0:04:21  time: 0.2077  data_time: 0.0051  memory: 3271  loss: 1.9665  loss_cls: 0.8031  loss_bbox: 0.7622  loss_dfl: 0.4012
05/26 15:01:24 - mmengine - INFO - Epoch(train) [10][120/456]  lr: 1.0000e-03  eta: 0:04:19  time: 0.2079  data_time: 0.0052  memory: 3271  loss: 1.9920  loss_cls: 0.7741  loss_bbox: 0.8045  loss_dfl: 0.4135
05/26 15:01:26 - mmengine - INFO - Epoch(train) [10][130/456]  lr: 1.0000e-03  eta: 0:04:17  time: 0.2077  data_time: 0.0052  memory: 3271  loss: 1.9747  loss_cls: 0.7564  loss_bbox: 0.8059  loss_dfl: 0.4123
05/26 15:01:28 - mmengine - INFO - Epoch(train) [10][140/456]  lr: 1.0000e-03  eta: 0:04:15  time: 0.2060  data_time: 0.0052  memory: 3271  loss: 1.9665  loss_cls: 0.7239  loss_bbox: 0.8254  loss_dfl: 0.4173
05/26 15:01:30 - mmengine - INFO - Epoch(train) [10][150/456]  lr: 1.0000e-03  eta: 0:04:13  time: 0.2053  data_time: 0.0051  memory: 3072  loss: 1.9777  loss_cls: 0.6989  loss_bbox: 0.8514  loss_dfl: 0.4274
05/26 15:01:32 - mmengine - INFO - Epoch(train) [10][160/456]  lr: 1.0000e-03  eta: 0:04:11  time: 0.2053  data_time: 0.0052  memory: 3271  loss: 1.9937  loss_cls: 0.6945  loss_bbox: 0.8657  loss_dfl: 0.4335
05/26 15:01:34 - mmengine - INFO - Epoch(train) [10][170/456]  lr: 1.0000e-03  eta: 0:04:08  time: 0.2043  data_time: 0.0051  memory: 3271  loss: 1.9418  loss_cls: 0.7279  loss_bbox: 0.8007  loss_dfl: 0.4132
05/26 15:01:36 - mmengine - INFO - Epoch(train) [10][180/456]  lr: 1.0000e-03  eta: 0:04:06  time: 0.2037  data_time: 0.0051  memory: 3003  loss: 1.9620  loss_cls: 0.7124  loss_bbox: 0.8278  loss_dfl: 0.4218
05/26 15:01:38 - mmengine - INFO - Epoch(train) [10][190/456]  lr: 1.0000e-03  eta: 0:04:04  time: 0.2041  data_time: 0.0051  memory: 3271  loss: 1.9777  loss_cls: 0.7447  loss_bbox: 0.8138  loss_dfl: 0.4192
05/26 15:01:40 - mmengine - INFO - Epoch(train) [10][200/456]  lr: 1.0000e-03  eta: 0:04:02  time: 0.2050  data_time: 0.0052  memory: 3271  loss: 1.9780  loss_cls: 0.7539  loss_bbox: 0.8073  loss_dfl: 0.4168
05/26 15:01:42 - mmengine - INFO - Epoch(train) [10][210/456]  lr: 1.0000e-03  eta: 0:04:00  time: 0.2043  data_time: 0.0051  memory: 3271  loss: 1.9666  loss_cls: 0.7363  loss_bbox: 0.8108  loss_dfl: 0.4195
05/26 15:01:44 - mmengine - INFO - Epoch(train) [10][220/456]  lr: 1.0000e-03  eta: 0:03:58  time: 0.2039  data_time: 0.0052  memory: 3003  loss: 1.9784  loss_cls: 0.7326  loss_bbox: 0.8225  loss_dfl: 0.4232
05/26 15:01:46 - mmengine - INFO - Epoch(train) [10][230/456]  lr: 1.0000e-03  eta: 0:03:56  time: 0.2037  data_time: 0.0052  memory: 3271  loss: 1.9861  loss_cls: 0.7885  loss_bbox: 0.7855  loss_dfl: 0.4121
05/26 15:01:48 - mmengine - INFO - Epoch(train) [10][240/456]  lr: 1.0000e-03  eta: 0:03:54  time: 0.2043  data_time: 0.0052  memory: 3271  loss: 1.9761  loss_cls: 0.7831  loss_bbox: 0.7830  loss_dfl: 0.4100
05/26 15:01:50 - mmengine - INFO - Epoch(train) [10][250/456]  lr: 1.0000e-03  eta: 0:03:52  time: 0.2023  data_time: 0.0052  memory: 3271  loss: 1.9654  loss_cls: 0.7851  loss_bbox: 0.7716  loss_dfl: 0.4087
05/26 15:01:52 - mmengine - INFO - Epoch(train) [10][260/456]  lr: 1.0000e-03  eta: 0:03:50  time: 0.2027  data_time: 0.0052  memory: 3271  loss: 1.9616  loss_cls: 0.7721  loss_bbox: 0.7816  loss_dfl: 0.4079
05/26 15:01:54 - mmengine - INFO - Epoch(train) [10][270/456]  lr: 1.0000e-03  eta: 0:03:48  time: 0.2037  data_time: 0.0052  memory: 3271  loss: 1.9641  loss_cls: 0.7507  loss_bbox: 0.8024  loss_dfl: 0.4110
05/26 15:01:57 - mmengine - INFO - Epoch(train) [10][280/456]  lr: 1.0000e-03  eta: 0:03:46  time: 0.2048  data_time: 0.0053  memory: 3271  loss: 1.9540  loss_cls: 0.7136  loss_bbox: 0.8225  loss_dfl: 0.4179
05/26 15:01:59 - mmengine - INFO - Epoch(train) [10][290/456]  lr: 1.0000e-03  eta: 0:03:43  time: 0.2052  data_time: 0.0053  memory: 3271  loss: 1.9517  loss_cls: 0.6889  loss_bbox: 0.8390  loss_dfl: 0.4238
05/26 15:02:01 - mmengine - INFO - Epoch(train) [10][300/456]  lr: 1.0000e-03  eta: 0:03:41  time: 0.2055  data_time: 0.0052  memory: 3271  loss: 1.9451  loss_cls: 0.6739  loss_bbox: 0.8447  loss_dfl: 0.4265
05/26 15:02:03 - mmengine - INFO - Epoch(train) [10][310/456]  lr: 1.0000e-03  eta: 0:03:39  time: 0.2042  data_time: 0.0052  memory: 3271  loss: 1.9620  loss_cls: 0.6964  loss_bbox: 0.8388  loss_dfl: 0.4268
05/26 15:02:05 - mmengine - INFO - Epoch(train) [10][320/456]  lr: 1.0000e-03  eta: 0:03:37  time: 0.2043  data_time: 0.0052  memory: 3271  loss: 1.9852  loss_cls: 0.7435  loss_bbox: 0.8186  loss_dfl: 0.4231
05/26 15:02:07 - mmengine - INFO - Epoch(train) [10][330/456]  lr: 1.0000e-03  eta: 0:03:35  time: 0.2053  data_time: 0.0052  memory: 3271  loss: 1.9831  loss_cls: 0.7445  loss_bbox: 0.8176  loss_dfl: 0.4210
05/26 15:02:09 - mmengine - INFO - Epoch(train) [10][340/456]  lr: 1.0000e-03  eta: 0:03:33  time: 0.2052  data_time: 0.0052  memory: 3271  loss: 1.9875  loss_cls: 0.7728  loss_bbox: 0.8001  loss_dfl: 0.4146
05/26 15:02:11 - mmengine - INFO - Epoch(train) [10][350/456]  lr: 1.0000e-03  eta: 0:03:31  time: 0.2079  data_time: 0.0052  memory: 3271  loss: 2.0001  loss_cls: 0.7890  loss_bbox: 0.8007  loss_dfl: 0.4105
05/26 15:02:13 - mmengine - INFO - Epoch(train) [10][360/456]  lr: 1.0000e-03  eta: 0:03:29  time: 0.2093  data_time: 0.0052  memory: 3072  loss: 1.9927  loss_cls: 0.7799  loss_bbox: 0.8009  loss_dfl: 0.4119
05/26 15:02:15 - mmengine - INFO - Epoch(train) [10][370/456]  lr: 1.0000e-03  eta: 0:03:27  time: 0.2104  data_time: 0.0052  memory: 3271  loss: 1.9702  loss_cls: 0.7481  loss_bbox: 0.8078  loss_dfl: 0.4143
05/26 15:02:17 - mmengine - INFO - Epoch(train) [10][380/456]  lr: 1.0000e-03  eta: 0:03:25  time: 0.2099  data_time: 0.0052  memory: 3002  loss: 1.9613  loss_cls: 0.7421  loss_bbox: 0.8065  loss_dfl: 0.4127
05/26 15:02:19 - mmengine - INFO - Epoch(train) [10][390/456]  lr: 1.0000e-03  eta: 0:03:23  time: 0.2106  data_time: 0.0052  memory: 3271  loss: 1.9806  loss_cls: 0.7599  loss_bbox: 0.8039  loss_dfl: 0.4168
05/26 15:02:22 - mmengine - INFO - Epoch(train) [10][400/456]  lr: 1.0000e-03  eta: 0:03:21  time: 0.2106  data_time: 0.0053  memory: 3271  loss: 1.9755  loss_cls: 0.7629  loss_bbox: 0.7983  loss_dfl: 0.4143
05/26 15:02:24 - mmengine - INFO - Epoch(train) [10][410/456]  lr: 1.0000e-03  eta: 0:03:19  time: 0.2115  data_time: 0.0053  memory: 3271  loss: 1.9721  loss_cls: 0.7661  loss_bbox: 0.7965  loss_dfl: 0.4094
05/26 15:02:26 - mmengine - INFO - Epoch(train) [10][420/456]  lr: 1.0000e-03  eta: 0:03:16  time: 0.2109  data_time: 0.0053  memory: 3003  loss: 1.9826  loss_cls: 0.7613  loss_bbox: 0.8100  loss_dfl: 0.4114
05/26 15:02:28 - mmengine - INFO - Epoch(train) [10][430/456]  lr: 1.0000e-03  eta: 0:03:14  time: 0.2105  data_time: 0.0053  memory: 3271  loss: 1.9842  loss_cls: 0.7641  loss_bbox: 0.8087  loss_dfl: 0.4113
05/26 15:02:30 - mmengine - INFO - Epoch(train) [10][440/456]  lr: 1.0000e-03  eta: 0:03:12  time: 0.2099  data_time: 0.0053  memory: 3271  loss: 1.9650  loss_cls: 0.7378  loss_bbox: 0.8169  loss_dfl: 0.4103
05/26 15:02:32 - mmengine - INFO - Epoch(train) [10][450/456]  lr: 1.0000e-03  eta: 0:03:10  time: 0.2101  data_time: 0.0053  memory: 3271  loss: 1.9662  loss_cls: 0.7311  loss_bbox: 0.8208  loss_dfl: 0.4143
05/26 15:02:33 - mmengine - INFO - Exp name: gfl_r50_fpn_1x_coco_20250526_144607
05/26 15:02:33 - mmengine - INFO - Saving checkpoint at 10 epochs
05/26 15:02:35 - mmengine - INFO - Epoch(val) [10][10/20]    eta: 0:00:00  time: 0.0847  data_time: 0.0078  memory: 3149  
05/26 15:02:36 - mmengine - INFO - Epoch(val) [10][20/20]    eta: 0:00:00  time: 0.0834  data_time: 0.0065  memory: 1000  
05/26 15:02:36 - mmengine - INFO - Evaluating bbox...
Loading and preparing results...
DONE (t=0.01s)
creating index...
index created!
Running per image evaluation...
Evaluate annotation type *bbox*
DONE (t=0.27s).
Accumulating evaluation results...
DONE (t=0.27s).
Average Precision  (AP) @[ IoU=0.50:0.95 | area=   all | maxDets=100 ] = 0.002
Average Precision  (AP) @[ IoU=0.50      | area=   all | maxDets=1000 ] = 0.004
Average Precision  (AP) @[ IoU=0.75      | area=   all | maxDets=1000 ] = 0.002
Average Precision  (AP) @[ IoU=0.50:0.95 | area= small | maxDets=1000 ] = 0.000
Average Precision  (AP) @[ IoU=0.50:0.95 | area=medium | maxDets=1000 ] = 0.001
Average Precision  (AP) @[ IoU=0.50:0.95 | area= large | maxDets=1000 ] = 0.007
Average Recall     (AR) @[ IoU=0.50:0.95 | area=   all | maxDets=100 ] = 0.045
Average Recall     (AR) @[ IoU=0.50:0.95 | area=   all | maxDets=300 ] = 0.045
Average Recall     (AR) @[ IoU=0.50:0.95 | area=   all | maxDets=1000 ] = 0.045
Average Recall     (AR) @[ IoU=0.50:0.95 | area= small | maxDets=1000 ] = 0.000
Average Recall     (AR) @[ IoU=0.50:0.95 | area=medium | maxDets=1000 ] = 0.010
Average Recall     (AR) @[ IoU=0.50:0.95 | area= large | maxDets=1000 ] = 0.146
05/26 15:02:37 - mmengine - INFO - bbox_mAP_copypaste: 0.002 0.004 0.002 0.000 0.001 0.007
05/26 15:02:37 - mmengine - INFO - Epoch(val) [10][20/20]    coco/bbox_mAP: 0.0020  coco/bbox_mAP_50: 0.0040  coco/bbox_mAP_75: 0.0020  coco/bbox_mAP_s: 0.0000  coco/bbox_mAP_m: 0.0010  coco/bbox_mAP_l: 0.0070  data_time: 0.0069  time: 0.0821
05/26 15:02:39 - mmengine - INFO - Epoch(train) [11][ 10/456]  lr: 1.0000e-03  eta: 0:03:07  time: 0.2105  data_time: 0.0060  memory: 3271  loss: 1.9735  loss_cls: 0.7483  loss_bbox: 0.8102  loss_dfl: 0.4150
05/26 15:02:41 - mmengine - INFO - Epoch(train) [11][ 20/456]  lr: 1.0000e-03  eta: 0:03:05  time: 0.2110  data_time: 0.0060  memory: 3271  loss: 1.9761  loss_cls: 0.7467  loss_bbox: 0.8118  loss_dfl: 0.4176
05/26 15:02:43 - mmengine - INFO - Epoch(train) [11][ 30/456]  lr: 1.0000e-03  eta: 0:03:03  time: 0.2121  data_time: 0.0060  memory: 3271  loss: 1.9953  loss_cls: 0.7924  loss_bbox: 0.7885  loss_dfl: 0.4143
05/26 15:02:45 - mmengine - INFO - Epoch(train) [11][ 40/456]  lr: 1.0000e-03  eta: 0:03:01  time: 0.2098  data_time: 0.0061  memory: 3271  loss: 2.0086  loss_cls: 0.7888  loss_bbox: 0.8027  loss_dfl: 0.4171
05/26 15:02:48 - mmengine - INFO - Epoch(train) [11][ 50/456]  lr: 1.0000e-03  eta: 0:02:59  time: 0.2112  data_time: 0.0061  memory: 3271  loss: 1.9992  loss_cls: 0.7849  loss_bbox: 0.7971  loss_dfl: 0.4173
05/26 15:02:50 - mmengine - INFO - Epoch(train) [11][ 60/456]  lr: 1.0000e-03  eta: 0:02:57  time: 0.2095  data_time: 0.0053  memory: 3271  loss: 1.9966  loss_cls: 0.7765  loss_bbox: 0.8006  loss_dfl: 0.4196
05/26 15:02:52 - mmengine - INFO - Epoch(train) [11][ 70/456]  lr: 1.0000e-03  eta: 0:02:54  time: 0.2079  data_time: 0.0052  memory: 3002  loss: 2.0217  loss_cls: 0.7853  loss_bbox: 0.8121  loss_dfl: 0.4243
05/26 15:02:54 - mmengine - INFO - Epoch(train) [11][ 80/456]  lr: 1.0000e-03  eta: 0:02:52  time: 0.2092  data_time: 0.0053  memory: 3271  loss: 2.0008  loss_cls: 0.7635  loss_bbox: 0.8147  loss_dfl: 0.4226
05/26 15:02:56 - mmengine - INFO - Epoch(train) [11][ 90/456]  lr: 1.0000e-03  eta: 0:02:50  time: 0.2100  data_time: 0.0053  memory: 3271  loss: 1.9877  loss_cls: 0.7462  loss_bbox: 0.8180  loss_dfl: 0.4235
05/26 15:02:58 - mmengine - INFO - Epoch(train) [11][100/456]  lr: 1.0000e-03  eta: 0:02:48  time: 0.2102  data_time: 0.0053  memory: 3200  loss: 2.0028  loss_cls: 0.7613  loss_bbox: 0.8189  loss_dfl: 0.4226
05/26 15:03:00 - mmengine - INFO - Epoch(train) [11][110/456]  lr: 1.0000e-03  eta: 0:02:46  time: 0.2100  data_time: 0.0053  memory: 3271  loss: 1.9858  loss_cls: 0.7557  loss_bbox: 0.8120  loss_dfl: 0.4181
05/26 15:03:02 - mmengine - INFO - Epoch(train) [11][120/456]  lr: 1.0000e-03  eta: 0:02:44  time: 0.2109  data_time: 0.0053  memory: 3072  loss: 1.9616  loss_cls: 0.7330  loss_bbox: 0.8122  loss_dfl: 0.4165
05/26 15:03:04 - mmengine - INFO - Epoch(train) [11][130/456]  lr: 1.0000e-03  eta: 0:02:42  time: 0.2104  data_time: 0.0053  memory: 3271  loss: 1.9635  loss_cls: 0.7533  loss_bbox: 0.7979  loss_dfl: 0.4123
05/26 15:03:07 - mmengine - INFO - Epoch(train) [11][140/456]  lr: 1.0000e-03  eta: 0:02:40  time: 0.2117  data_time: 0.0052  memory: 3271  loss: 1.9526  loss_cls: 0.7817  loss_bbox: 0.7679  loss_dfl: 0.4030
05/26 15:03:09 - mmengine - INFO - Epoch(train) [11][150/456]  lr: 1.0000e-03  eta: 0:02:38  time: 0.2114  data_time: 0.0052  memory: 3271  loss: 1.9294  loss_cls: 0.7596  loss_bbox: 0.7685  loss_dfl: 0.4014
05/26 15:03:11 - mmengine - INFO - Epoch(train) [11][160/456]  lr: 1.0000e-03  eta: 0:02:36  time: 0.2120  data_time: 0.0052  memory: 3271  loss: 1.9326  loss_cls: 0.7630  loss_bbox: 0.7690  loss_dfl: 0.4007
05/26 15:03:13 - mmengine - INFO - Epoch(train) [11][170/456]  lr: 1.0000e-03  eta: 0:02:34  time: 0.2124  data_time: 0.0051  memory: 3271  loss: 1.9417  loss_cls: 0.7830  loss_bbox: 0.7589  loss_dfl: 0.3998
05/26 15:03:15 - mmengine - INFO - Epoch(train) [11][180/456]  lr: 1.0000e-03  eta: 0:02:32  time: 0.2118  data_time: 0.0051  memory: 3271  loss: 1.9516  loss_cls: 0.7674  loss_bbox: 0.7794  loss_dfl: 0.4048
05/26 15:03:17 - mmengine - INFO - Epoch(train) [11][190/456]  lr: 1.0000e-03  eta: 0:02:30  time: 0.2112  data_time: 0.0051  memory: 3271  loss: 1.9335  loss_cls: 0.7502  loss_bbox: 0.7791  loss_dfl: 0.4041
05/26 15:03:19 - mmengine - INFO - Epoch(train) [11][200/456]  lr: 1.0000e-03  eta: 0:02:28  time: 0.2109  data_time: 0.0051  memory: 3271  loss: 1.9430  loss_cls: 0.7535  loss_bbox: 0.7826  loss_dfl: 0.4069
05/26 15:03:21 - mmengine - INFO - Epoch(train) [11][210/456]  lr: 1.0000e-03  eta: 0:02:25  time: 0.2113  data_time: 0.0051  memory: 3271  loss: 1.9444  loss_cls: 0.7258  loss_bbox: 0.8041  loss_dfl: 0.4145
05/26 15:03:23 - mmengine - INFO - Epoch(train) [11][220/456]  lr: 1.0000e-03  eta: 0:02:23  time: 0.2115  data_time: 0.0053  memory: 3271  loss: 1.9600  loss_cls: 0.7258  loss_bbox: 0.8155  loss_dfl: 0.4186
05/26 15:03:26 - mmengine - INFO - Epoch(train) [11][230/456]  lr: 1.0000e-03  eta: 0:02:21  time: 0.2118  data_time: 0.0053  memory: 3271  loss: 1.9674  loss_cls: 0.7081  loss_bbox: 0.8355  loss_dfl: 0.4238
05/26 15:03:28 - mmengine - INFO - Epoch(train) [11][240/456]  lr: 1.0000e-03  eta: 0:02:19  time: 0.2116  data_time: 0.0053  memory: 3149  loss: 1.9847  loss_cls: 0.7103  loss_bbox: 0.8481  loss_dfl: 0.4263
05/26 15:03:30 - mmengine - INFO - Epoch(train) [11][250/456]  lr: 1.0000e-03  eta: 0:02:17  time: 0.2116  data_time: 0.0054  memory: 3003  loss: 1.9724  loss_cls: 0.6859  loss_bbox: 0.8586  loss_dfl: 0.4279
05/26 15:03:32 - mmengine - INFO - Epoch(train) [11][260/456]  lr: 1.0000e-03  eta: 0:02:15  time: 0.2110  data_time: 0.0054  memory: 3271  loss: 1.9684  loss_cls: 0.7125  loss_bbox: 0.8353  loss_dfl: 0.4205
05/26 15:03:34 - mmengine - INFO - Epoch(train) [11][270/456]  lr: 1.0000e-03  eta: 0:02:13  time: 0.2096  data_time: 0.0053  memory: 3149  loss: 1.9531  loss_cls: 0.7038  loss_bbox: 0.8326  loss_dfl: 0.4168
05/26 15:03:36 - mmengine - INFO - Epoch(train) [11][280/456]  lr: 1.0000e-03  eta: 0:02:11  time: 0.2079  data_time: 0.0053  memory: 3271  loss: 1.9092  loss_cls: 0.7137  loss_bbox: 0.7912  loss_dfl: 0.4043
05/26 15:03:38 - mmengine - INFO - Epoch(train) [11][290/456]  lr: 1.0000e-03  eta: 0:02:09  time: 0.2059  data_time: 0.0054  memory: 3271  loss: 1.9446  loss_cls: 0.7058  loss_bbox: 0.8219  loss_dfl: 0.4169
05/26 15:03:40 - mmengine - INFO - Epoch(train) [11][300/456]  lr: 1.0000e-03  eta: 0:02:07  time: 0.2034  data_time: 0.0053  memory: 3271  loss: 1.9661  loss_cls: 0.7328  loss_bbox: 0.8160  loss_dfl: 0.4173
05/26 15:03:42 - mmengine - INFO - Epoch(train) [11][310/456]  lr: 1.0000e-03  eta: 0:02:05  time: 0.2019  data_time: 0.0053  memory: 3271  loss: 1.9958  loss_cls: 0.7765  loss_bbox: 0.8053  loss_dfl: 0.4140
05/26 15:03:44 - mmengine - INFO - Epoch(train) [11][320/456]  lr: 1.0000e-03  eta: 0:02:03  time: 0.2016  data_time: 0.0052  memory: 3271  loss: 1.9885  loss_cls: 0.7964  loss_bbox: 0.7823  loss_dfl: 0.4098
05/26 15:03:46 - mmengine - INFO - Epoch(train) [11][330/456]  lr: 1.0000e-03  eta: 0:02:00  time: 0.2005  data_time: 0.0052  memory: 3003  loss: 2.0243  loss_cls: 0.8123  loss_bbox: 0.7967  loss_dfl: 0.4153
05/26 15:03:48 - mmengine - INFO - Epoch(train) [11][340/456]  lr: 1.0000e-03  eta: 0:01:58  time: 0.2008  data_time: 0.0052  memory: 3149  loss: 1.9909  loss_cls: 0.8141  loss_bbox: 0.7708  loss_dfl: 0.4060
05/26 15:03:50 - mmengine - INFO - Epoch(train) [11][350/456]  lr: 1.0000e-03  eta: 0:01:56  time: 0.2020  data_time: 0.0052  memory: 3271  loss: 1.9833  loss_cls: 0.8032  loss_bbox: 0.7750  loss_dfl: 0.4050
05/26 15:03:52 - mmengine - INFO - Epoch(train) [11][360/456]  lr: 1.0000e-03  eta: 0:01:54  time: 0.2011  data_time: 0.0052  memory: 3072  loss: 1.9473  loss_cls: 0.7268  loss_bbox: 0.8059  loss_dfl: 0.4147
05/26 15:03:54 - mmengine - INFO - Epoch(train) [11][370/456]  lr: 1.0000e-03  eta: 0:01:52  time: 0.2011  data_time: 0.0053  memory: 3271  loss: 1.9570  loss_cls: 0.7015  loss_bbox: 0.8350  loss_dfl: 0.4206
05/26 15:03:56 - mmengine - INFO - Epoch(train) [11][380/456]  lr: 1.0000e-03  eta: 0:01:50  time: 0.2026  data_time: 0.0053  memory: 3271  loss: 1.9617  loss_cls: 0.6926  loss_bbox: 0.8451  loss_dfl: 0.4240
05/26 15:03:58 - mmengine - INFO - Epoch(train) [11][390/456]  lr: 1.0000e-03  eta: 0:01:48  time: 0.2022  data_time: 0.0053  memory: 3271  loss: 1.9738  loss_cls: 0.7060  loss_bbox: 0.8438  loss_dfl: 0.4240
05/26 15:04:00 - mmengine - INFO - Epoch(train) [11][400/456]  lr: 1.0000e-03  eta: 0:01:46  time: 0.2018  data_time: 0.0052  memory: 3271  loss: 1.9852  loss_cls: 0.7304  loss_bbox: 0.8348  loss_dfl: 0.4200
05/26 15:04:02 - mmengine - INFO - Epoch(train) [11][410/456]  lr: 1.0000e-03  eta: 0:01:44  time: 0.2009  data_time: 0.0052  memory: 3003  loss: 2.0166  loss_cls: 0.7608  loss_bbox: 0.8338  loss_dfl: 0.4219
05/26 15:04:04 - mmengine - INFO - Epoch(train) [11][420/456]  lr: 1.0000e-03  eta: 0:01:42  time: 0.2004  data_time: 0.0052  memory: 3003  loss: 2.0451  loss_cls: 0.7855  loss_bbox: 0.8348  loss_dfl: 0.4248
05/26 15:04:06 - mmengine - INFO - Epoch(train) [11][430/456]  lr: 1.0000e-03  eta: 0:01:40  time: 0.2002  data_time: 0.0052  memory: 3271  loss: 2.0177  loss_cls: 0.7710  loss_bbox: 0.8265  loss_dfl: 0.4202
05/26 15:04:08 - mmengine - INFO - Exp name: gfl_r50_fpn_1x_coco_20250526_144607
05/26 15:04:08 - mmengine - INFO - Epoch(train) [11][440/456]  lr: 1.0000e-03  eta: 0:01:38  time: 0.2004  data_time: 0.0052  memory: 3271  loss: 1.9804  loss_cls: 0.7406  loss_bbox: 0.8227  loss_dfl: 0.4170
05/26 15:04:10 - mmengine - INFO - Epoch(train) [11][450/456]  lr: 1.0000e-03  eta: 0:01:35  time: 0.2007  data_time: 0.0053  memory: 3149  loss: 1.9704  loss_cls: 0.7429  loss_bbox: 0.8123  loss_dfl: 0.4152
05/26 15:04:11 - mmengine - INFO - Exp name: gfl_r50_fpn_1x_coco_20250526_144607
05/26 15:04:11 - mmengine - INFO - Saving checkpoint at 11 epochs
05/26 15:04:13 - mmengine - INFO - Epoch(val) [11][10/20]    eta: 0:00:00  time: 0.0847  data_time: 0.0079  memory: 3003  
05/26 15:04:14 - mmengine - INFO - Epoch(val) [11][20/20]    eta: 0:00:00  time: 0.0834  data_time: 0.0065  memory: 1000  
05/26 15:04:14 - mmengine - INFO - Evaluating bbox...
Loading and preparing results...
DONE (t=0.01s)
creating index...
index created!
Running per image evaluation...
Evaluate annotation type *bbox*
DONE (t=0.29s).
Accumulating evaluation results...
DONE (t=0.27s).
Average Precision  (AP) @[ IoU=0.50:0.95 | area=   all | maxDets=100 ] = 0.002
Average Precision  (AP) @[ IoU=0.50      | area=   all | maxDets=1000 ] = 0.004
Average Precision  (AP) @[ IoU=0.75      | area=   all | maxDets=1000 ] = 0.002
Average Precision  (AP) @[ IoU=0.50:0.95 | area= small | maxDets=1000 ] = 0.000
Average Precision  (AP) @[ IoU=0.50:0.95 | area=medium | maxDets=1000 ] = 0.002
Average Precision  (AP) @[ IoU=0.50:0.95 | area= large | maxDets=1000 ] = 0.007
Average Recall     (AR) @[ IoU=0.50:0.95 | area=   all | maxDets=100 ] = 0.045
Average Recall     (AR) @[ IoU=0.50:0.95 | area=   all | maxDets=300 ] = 0.045
Average Recall     (AR) @[ IoU=0.50:0.95 | area=   all | maxDets=1000 ] = 0.045
Average Recall     (AR) @[ IoU=0.50:0.95 | area= small | maxDets=1000 ] = 0.000
Average Recall     (AR) @[ IoU=0.50:0.95 | area=medium | maxDets=1000 ] = 0.010
Average Recall     (AR) @[ IoU=0.50:0.95 | area= large | maxDets=1000 ] = 0.150
05/26 15:04:15 - mmengine - INFO - bbox_mAP_copypaste: 0.002 0.004 0.002 0.000 0.002 0.007
05/26 15:04:15 - mmengine - INFO - Epoch(val) [11][20/20]    coco/bbox_mAP: 0.0020  coco/bbox_mAP_50: 0.0040  coco/bbox_mAP_75: 0.0020  coco/bbox_mAP_s: 0.0000  coco/bbox_mAP_m: 0.0020  coco/bbox_mAP_l: 0.0070  data_time: 0.0070  time: 0.0821
05/26 15:04:17 - mmengine - INFO - Epoch(train) [12][ 10/456]  lr: 1.0000e-04  eta: 0:01:32  time: 0.2027  data_time: 0.0063  memory: 3271  loss: 1.9352  loss_cls: 0.7233  loss_bbox: 0.8016  loss_dfl: 0.4103
05/26 15:04:19 - mmengine - INFO - Epoch(train) [12][ 20/456]  lr: 1.0000e-04  eta: 0:01:30  time: 0.2040  data_time: 0.0062  memory: 3271  loss: 1.9213  loss_cls: 0.7210  loss_bbox: 0.7920  loss_dfl: 0.4084
05/26 15:04:21 - mmengine - INFO - Epoch(train) [12][ 30/456]  lr: 1.0000e-04  eta: 0:01:28  time: 0.2058  data_time: 0.0063  memory: 3271  loss: 1.9470  loss_cls: 0.7162  loss_bbox: 0.8145  loss_dfl: 0.4164
05/26 15:04:23 - mmengine - INFO - Epoch(train) [12][ 40/456]  lr: 1.0000e-04  eta: 0:01:26  time: 0.2072  data_time: 0.0062  memory: 3271  loss: 1.9772  loss_cls: 0.7527  loss_bbox: 0.8103  loss_dfl: 0.4142
05/26 15:04:26 - mmengine - INFO - Epoch(train) [12][ 50/456]  lr: 1.0000e-04  eta: 0:01:24  time: 0.2111  data_time: 0.0063  memory: 3149  loss: 1.9689  loss_cls: 0.7534  loss_bbox: 0.8021  loss_dfl: 0.4133
05/26 15:04:28 - mmengine - INFO - Epoch(train) [12][ 60/456]  lr: 1.0000e-04  eta: 0:01:22  time: 0.2092  data_time: 0.0052  memory: 3271  loss: 1.9589  loss_cls: 0.7645  loss_bbox: 0.7874  loss_dfl: 0.4070
05/26 15:04:30 - mmengine - INFO - Epoch(train) [12][ 70/456]  lr: 1.0000e-04  eta: 0:01:20  time: 0.2093  data_time: 0.0052  memory: 3271  loss: 1.9701  loss_cls: 0.7761  loss_bbox: 0.7851  loss_dfl: 0.4090
05/26 15:04:32 - mmengine - INFO - Epoch(train) [12][ 80/456]  lr: 1.0000e-04  eta: 0:01:18  time: 0.2094  data_time: 0.0052  memory: 3149  loss: 1.9579  loss_cls: 0.7768  loss_bbox: 0.7757  loss_dfl: 0.4055
05/26 15:04:34 - mmengine - INFO - Epoch(train) [12][ 90/456]  lr: 1.0000e-04  eta: 0:01:16  time: 0.2094  data_time: 0.0052  memory: 3271  loss: 1.9556  loss_cls: 0.7552  loss_bbox: 0.7878  loss_dfl: 0.4126
05/26 15:04:36 - mmengine - INFO - Epoch(train) [12][100/456]  lr: 1.0000e-04  eta: 0:01:13  time: 0.2095  data_time: 0.0052  memory: 3271  loss: 1.9577  loss_cls: 0.7548  loss_bbox: 0.7920  loss_dfl: 0.4109
05/26 15:04:38 - mmengine - INFO - Epoch(train) [12][110/456]  lr: 1.0000e-04  eta: 0:01:11  time: 0.2104  data_time: 0.0052  memory: 3271  loss: 1.9692  loss_cls: 0.7509  loss_bbox: 0.8031  loss_dfl: 0.4152
05/26 15:04:40 - mmengine - INFO - Epoch(train) [12][120/456]  lr: 1.0000e-04  eta: 0:01:09  time: 0.2102  data_time: 0.0052  memory: 3271  loss: 1.9577  loss_cls: 0.7411  loss_bbox: 0.8053  loss_dfl: 0.4112
05/26 15:04:42 - mmengine - INFO - Epoch(train) [12][130/456]  lr: 1.0000e-04  eta: 0:01:07  time: 0.2097  data_time: 0.0052  memory: 3271  loss: 1.9771  loss_cls: 0.7784  loss_bbox: 0.7902  loss_dfl: 0.4085
05/26 15:04:44 - mmengine - INFO - Epoch(train) [12][140/456]  lr: 1.0000e-04  eta: 0:01:05  time: 0.2086  data_time: 0.0052  memory: 3271  loss: 1.9973  loss_cls: 0.7757  loss_bbox: 0.8089  loss_dfl: 0.4128
05/26 15:04:47 - mmengine - INFO - Epoch(train) [12][150/456]  lr: 1.0000e-04  eta: 0:01:03  time: 0.2105  data_time: 0.0052  memory: 3271  loss: 1.9880  loss_cls: 0.7647  loss_bbox: 0.8099  loss_dfl: 0.4133
05/26 15:04:49 - mmengine - INFO - Epoch(train) [12][160/456]  lr: 1.0000e-04  eta: 0:01:01  time: 0.2116  data_time: 0.0052  memory: 3271  loss: 1.9783  loss_cls: 0.7380  loss_bbox: 0.8222  loss_dfl: 0.4180
05/26 15:04:51 - mmengine - INFO - Epoch(train) [12][170/456]  lr: 1.0000e-04  eta: 0:00:59  time: 0.2115  data_time: 0.0052  memory: 3003  loss: 1.9809  loss_cls: 0.7314  loss_bbox: 0.8287  loss_dfl: 0.4209
05/26 15:04:53 - mmengine - INFO - Epoch(train) [12][180/456]  lr: 1.0000e-04  eta: 0:00:57  time: 0.2115  data_time: 0.0053  memory: 3003  loss: 1.9446  loss_cls: 0.7026  loss_bbox: 0.8228  loss_dfl: 0.4192
05/26 15:04:55 - mmengine - INFO - Epoch(train) [12][190/456]  lr: 1.0000e-04  eta: 0:00:55  time: 0.2120  data_time: 0.0053  memory: 3271  loss: 1.9119  loss_cls: 0.6869  loss_bbox: 0.8101  loss_dfl: 0.4149
05/26 15:04:57 - mmengine - INFO - Epoch(train) [12][200/456]  lr: 1.0000e-04  eta: 0:00:53  time: 0.2106  data_time: 0.0053  memory: 3271  loss: 1.8995  loss_cls: 0.6831  loss_bbox: 0.8029  loss_dfl: 0.4135
05/26 15:04:59 - mmengine - INFO - Epoch(train) [12][210/456]  lr: 1.0000e-04  eta: 0:00:51  time: 0.2090  data_time: 0.0053  memory: 3002  loss: 1.9047  loss_cls: 0.7111  loss_bbox: 0.7853  loss_dfl: 0.4084
05/26 15:05:01 - mmengine - INFO - Epoch(train) [12][220/456]  lr: 1.0000e-04  eta: 0:00:49  time: 0.2083  data_time: 0.0053  memory: 3271  loss: 1.9378  loss_cls: 0.7466  loss_bbox: 0.7807  loss_dfl: 0.4105
05/26 15:05:03 - mmengine - INFO - Epoch(train) [12][230/456]  lr: 1.0000e-04  eta: 0:00:46  time: 0.2081  data_time: 0.0052  memory: 3003  loss: 1.9708  loss_cls: 0.7630  loss_bbox: 0.7960  loss_dfl: 0.4118
05/26 15:05:05 - mmengine - INFO - Epoch(train) [12][240/456]  lr: 1.0000e-04  eta: 0:00:44  time: 0.2082  data_time: 0.0051  memory: 3271  loss: 1.9797  loss_cls: 0.7967  loss_bbox: 0.7770  loss_dfl: 0.4061
05/26 15:05:07 - mmengine - INFO - Epoch(train) [12][250/456]  lr: 1.0000e-04  eta: 0:00:42  time: 0.2087  data_time: 0.0051  memory: 3271  loss: 2.0068  loss_cls: 0.8186  loss_bbox: 0.7821  loss_dfl: 0.4060
05/26 15:05:10 - mmengine - INFO - Epoch(train) [12][260/456]  lr: 1.0000e-04  eta: 0:00:40  time: 0.2089  data_time: 0.0051  memory: 3003  loss: 1.9912  loss_cls: 0.8083  loss_bbox: 0.7801  loss_dfl: 0.4029
05/26 15:05:12 - mmengine - INFO - Epoch(train) [12][270/456]  lr: 1.0000e-04  eta: 0:00:38  time: 0.2093  data_time: 0.0051  memory: 3072  loss: 1.9920  loss_cls: 0.7633  loss_bbox: 0.8171  loss_dfl: 0.4116
05/26 15:05:14 - mmengine - INFO - Epoch(train) [12][280/456]  lr: 1.0000e-04  eta: 0:00:36  time: 0.2094  data_time: 0.0051  memory: 3271  loss: 1.9934  loss_cls: 0.7957  loss_bbox: 0.7927  loss_dfl: 0.4050
05/26 15:05:16 - mmengine - INFO - Epoch(train) [12][290/456]  lr: 1.0000e-04  eta: 0:00:34  time: 0.2110  data_time: 0.0054  memory: 3271  loss: 1.9679  loss_cls: 0.7644  loss_bbox: 0.7978  loss_dfl: 0.4057
05/26 15:05:18 - mmengine - INFO - Epoch(train) [12][300/456]  lr: 1.0000e-04  eta: 0:00:32  time: 0.2092  data_time: 0.0053  memory: 3002  loss: 1.9562  loss_cls: 0.7506  loss_bbox: 0.7973  loss_dfl: 0.4083
05/26 15:05:20 - mmengine - INFO - Epoch(train) [12][310/456]  lr: 1.0000e-04  eta: 0:00:30  time: 0.2091  data_time: 0.0053  memory: 3271  loss: 1.9837  loss_cls: 0.7738  loss_bbox: 0.7986  loss_dfl: 0.4113
05/26 15:05:22 - mmengine - INFO - Epoch(train) [12][320/456]  lr: 1.0000e-04  eta: 0:00:28  time: 0.2102  data_time: 0.0054  memory: 3271  loss: 1.9484  loss_cls: 0.8032  loss_bbox: 0.7495  loss_dfl: 0.3957
05/26 15:05:24 - mmengine - INFO - Epoch(train) [12][330/456]  lr: 1.0000e-04  eta: 0:00:26  time: 0.2111  data_time: 0.0055  memory: 3271  loss: 1.9305  loss_cls: 0.7484  loss_bbox: 0.7763  loss_dfl: 0.4058
05/26 15:05:26 - mmengine - INFO - Epoch(train) [12][340/456]  lr: 1.0000e-04  eta: 0:00:24  time: 0.2096  data_time: 0.0052  memory: 3003  loss: 1.9648  loss_cls: 0.7481  loss_bbox: 0.8001  loss_dfl: 0.4165
05/26 15:05:28 - mmengine - INFO - Epoch(train) [12][350/456]  lr: 1.0000e-04  eta: 0:00:22  time: 0.2097  data_time: 0.0052  memory: 3003  loss: 1.9676  loss_cls: 0.7553  loss_bbox: 0.7986  loss_dfl: 0.4138
05/26 15:05:31 - mmengine - INFO - Epoch(train) [12][360/456]  lr: 1.0000e-04  eta: 0:00:19  time: 0.2110  data_time: 0.0053  memory: 3271  loss: 1.9321  loss_cls: 0.7099  loss_bbox: 0.8078  loss_dfl: 0.4145
05/26 15:05:33 - mmengine - INFO - Epoch(train) [12][370/456]  lr: 1.0000e-04  eta: 0:00:17  time: 0.2111  data_time: 0.0052  memory: 3271  loss: 1.9154  loss_cls: 0.6866  loss_bbox: 0.8136  loss_dfl: 0.4152
05/26 15:05:35 - mmengine - INFO - Epoch(train) [12][380/456]  lr: 1.0000e-04  eta: 0:00:15  time: 0.2100  data_time: 0.0052  memory: 3200  loss: 1.9435  loss_cls: 0.7099  loss_bbox: 0.8169  loss_dfl: 0.4167
05/26 15:05:37 - mmengine - INFO - Epoch(train) [12][390/456]  lr: 1.0000e-04  eta: 0:00:13  time: 0.2104  data_time: 0.0052  memory: 3271  loss: 1.9350  loss_cls: 0.7381  loss_bbox: 0.7913  loss_dfl: 0.4056
05/26 15:05:39 - mmengine - INFO - Epoch(train) [12][400/456]  lr: 1.0000e-04  eta: 0:00:11  time: 0.2105  data_time: 0.0053  memory: 3271  loss: 1.9391  loss_cls: 0.7209  loss_bbox: 0.8071  loss_dfl: 0.4111
05/26 15:05:41 - mmengine - INFO - Epoch(train) [12][410/456]  lr: 1.0000e-04  eta: 0:00:09  time: 0.2103  data_time: 0.0053  memory: 3271  loss: 1.9443  loss_cls: 0.7486  loss_bbox: 0.7906  loss_dfl: 0.4051
05/26 15:05:43 - mmengine - INFO - Epoch(train) [12][420/456]  lr: 1.0000e-04  eta: 0:00:07  time: 0.2101  data_time: 0.0053  memory: 3271  loss: 1.9495  loss_cls: 0.7567  loss_bbox: 0.7874  loss_dfl: 0.4054
05/26 15:05:45 - mmengine - INFO - Epoch(train) [12][430/456]  lr: 1.0000e-04  eta: 0:00:05  time: 0.2104  data_time: 0.0052  memory: 3271  loss: 1.9509  loss_cls: 0.7602  loss_bbox: 0.7854  loss_dfl: 0.4053
05/26 15:05:47 - mmengine - INFO - Epoch(train) [12][440/456]  lr: 1.0000e-04  eta: 0:00:03  time: 0.2104  data_time: 0.0053  memory: 3271  loss: 1.9558  loss_cls: 0.7327  loss_bbox: 0.8104  loss_dfl: 0.4127
05/26 15:05:50 - mmengine - INFO - Epoch(train) [12][450/456]  lr: 1.0000e-04  eta: 0:00:01  time: 0.2129  data_time: 0.0053  memory: 3271  loss: 1.9564  loss_cls: 0.7421  loss_bbox: 0.8037  loss_dfl: 0.4106
05/26 15:05:51 - mmengine - INFO - Exp name: gfl_r50_fpn_1x_coco_20250526_144607
05/26 15:05:51 - mmengine - INFO - Saving checkpoint at 12 epochs
05/26 15:05:53 - mmengine - INFO - Epoch(val) [12][10/20]    eta: 0:00:00  time: 0.0847  data_time: 0.0078  memory: 3271  
05/26 15:05:54 - mmengine - INFO - Epoch(val) [12][20/20]    eta: 0:00:00  time: 0.0834  data_time: 0.0065  memory: 1000  
05/26 15:05:54 - mmengine - INFO - Evaluating bbox...
Loading and preparing results...
DONE (t=0.01s)
creating index...
index created!
Running per image evaluation...
Evaluate annotation type *bbox*
DONE (t=0.29s).
Accumulating evaluation results...
DONE (t=0.27s).
Average Precision  (AP) @[ IoU=0.50:0.95 | area=   all | maxDets=100 ] = 0.002
Average Precision  (AP) @[ IoU=0.50      | area=   all | maxDets=1000 ] = 0.004
Average Precision  (AP) @[ IoU=0.75      | area=   all | maxDets=1000 ] = 0.003
Average Precision  (AP) @[ IoU=0.50:0.95 | area= small | maxDets=1000 ] = 0.000
Average Precision  (AP) @[ IoU=0.50:0.95 | area=medium | maxDets=1000 ] = 0.002
Average Precision  (AP) @[ IoU=0.50:0.95 | area= large | maxDets=1000 ] = 0.008
Average Recall     (AR) @[ IoU=0.50:0.95 | area=   all | maxDets=100 ] = 0.044
Average Recall     (AR) @[ IoU=0.50:0.95 | area=   all | maxDets=300 ] = 0.044
Average Recall     (AR) @[ IoU=0.50:0.95 | area=   all | maxDets=1000 ] = 0.044
Average Recall     (AR) @[ IoU=0.50:0.95 | area= small | maxDets=1000 ] = 0.000
Average Recall     (AR) @[ IoU=0.50:0.95 | area=medium | maxDets=1000 ] = 0.010
Average Recall     (AR) @[ IoU=0.50:0.95 | area= large | maxDets=1000 ] = 0.146
05/26 15:05:55 - mmengine - INFO - bbox_mAP_copypaste: 0.002 0.004 0.003 0.000 0.002 0.008
05/26 15:05:55 - mmengine - INFO - Epoch(val) [12][20/20]    coco/bbox_mAP: 0.0020  coco/bbox_mAP_50: 0.0040  coco/bbox_mAP_75: 0.0030  coco/bbox_mAP_s: 0.0000  coco/bbox_mAP_m: 0.0020  coco/bbox_mAP_l: 0.0080  data_time: 0.0069  time: 0.0821
