{"coco/bbox_mAP": 0.001, "coco/bbox_mAP_50": 0.002, "coco/bbox_mAP_75": 0.0, "coco/bbox_mAP_s": 0.001, "coco/bbox_mAP_m": 0.02, "coco/bbox_mAP_l": 0.001, "data_time": 0.007533655166625976, "time": 0.058873963356018064}